pilseta,spiediens,temperatura,veja_atrums,veja_virziens,brazmas,nokrisni_1h,relativais_mitrums,sajutu_temperatura,sniegs,makoni,nokrisnu_varbutiba,uvi_indekss
Rīga,1029.3,9.7,2.6,352.5,4.8,0.0,67.4,8.4,0.0,40.0,0.0,0.0
Rīga,1029.6,9.3,2.4,350.0,3.9,0.0,70.7,8.0,0.0,40.0,0.0,0.0
Rīga,1029.9,8.9,2.4,352.2,3.6,0.0,73.0,7.6,0.0,40.0,0.0,0.0
Rīga,1030.0,8.5,2.4,352.2,3.5,0.0,74.6,7.2,0.0,40.0,0.0,0.0
Rīga,1030.2,8.2,2.5,19.4,3.8,0.0,75.1,6.7,0.0,40.0,0.0,0.0
Rīga,1030.6,7.6,2.6,50.0,4.1,0.0,74.0,5.9,0.0,40.0,0.0,0.0
Rīga,1031.0,7.3,3.1,47.5,5.4,0.0,72.4,5.2,0.0,40.0,0.0,0.1
Rīga,1031.4,7.5,2.8,40.0,5.3,0.0,67.2,5.6,0.0,36.8,0.0,0.4
Rīga,1031.6,8.6,2.8,50.0,5.7,0.0,60.6,6.9,0.0,14.1,0.0,0.9
Rīga,1031.5,10.7,2.5,44.2,5.9,0.0,54.6,7.3,0.0,9.9,0.0,1.8
Rīga,1031.5,13.1,2.4,31.1,5.9,0.0,48.3,9.9,0.0,7.8,0.0,2.8
Rīga,1031.5,14.6,2.6,12.5,6.5,0.0,42.3,11.1,0.0,9.3,0.0,3.8
Rīga,1031.5,15.7,3.5,351.1,7.9,0.0,42.0,11.7,0.0,18.0,0.0,4.6
Rīga,1031.6,16.1,4.2,350.0,9.0,0.0,43.7,11.8,0.0,17.8,0.0,5.0
Rīga,1031.6,16.4,4.6,350.0,9.7,0.0,44.0,11.8,0.0,5.8,0.0,4.9
Rīga,1031.5,16.4,4.7,350.0,10.0,0.0,44.9,11.8,0.0,4.5,0.0,4.3
Rīga,1031.3,16.4,4.5,350.0,9.8,0.0,44.1,11.9,0.0,3.6,0.0,3.3
Rīga,1031.2,16.4,4.4,354.3,9.4,0.0,44.1,12.0,0.0,0.2,0.0,2.2
Rīga,1031.0,16.2,4.5,358.9,9.1,0.0,42.4,11.7,0.0,0.0,0.0,1.3
Rīga,1030.8,15.7,4.3,360.0,8.9,0.0,44.7,11.3,0.0,0.0,0.0,0.6
Rīga,1030.6,13.9,4.0,360.0,8.4,0.0,52.0,9.8,0.0,0.0,0.0,0.2
Rīga,1030.8,13.0,4.0,360.0,7.6,0.0,59.8,9.1,0.0,0.0,0.0,0.0
Rīga,1031.1,12.1,3.6,4.3,7.0,0.0,66.4,8.7,0.0,10.5,0.0,0.0
Rīga,1031.2,11.6,3.3,8.9,6.3,0.0,72.0,8.6,0.0,39.1,0.0,0.0
Jelgava,1029.5,7.5,1.9,333.3,3.3,0.0,70.7,6.3,0.0,40.0,0.0,0.0
Jelgava,1029.7,6.6,1.8,327.9,3.2,0.0,75.2,5.4,0.0,40.0,0.0,0.0
Jelgava,1030.0,5.9,1.6,331.1,3.0,0.0,78.2,4.8,0.0,40.0,0.0,0.0
Jelgava,1030.2,5.2,1.4,316.6,2.6,0.0,80.7,4.2,0.0,40.0,0.0,0.0
Jelgava,1030.4,4.7,1.6,310.0,2.7,0.0,82.1,3.5,0.0,40.0,0.0,0.0
Jelgava,1030.6,4.0,1.5,325.4,2.7,0.0,84.7,2.8,0.0,39.8,0.0,0.0
Jelgava,1031.0,3.8,1.4,2.8,2.5,0.0,86.8,2.1,0.0,35.0,0.0,0.1
Jelgava,1031.4,5.7,1.3,357.9,2.7,0.0,80.0,3.2,0.0,17.7,0.0,0.4
Jūrmala,1029.4,9.6,3.6,337.4,5.9,0.0,70.8,6.7,0.0,40.0,0.0,0.0
Jūrmala,1029.7,9.2,3.3,334.3,5.3,0.0,74.5,7.5,0.0,40.0,0.0,0.0
Jūrmala,1030.0,8.8,2.9,342.3,4.7,0.0,77.2,7.2,0.0,40.0,0.0,0.0
Jūrmala,1030.1,8.6,2.6,9.7,4.2,0.0,76.4,7.0,0.0,40.0,0.0,0.0
Jūrmala,1030.3,8.4,2.9,22.6,4.2,0.0,76.1,6.7,0.0,40.0,0.0,0.0
Jūrmala,1030.6,8.3,3.1,22.6,4.7,0.0,75.9,6.4,0.0,40.0,0.0,0.0
Jūrmala,1031.0,8.3,3.4,39.7,5.1,0.0,76.8,6.2,0.0,40.0,0.0,0.1
Jūrmala,1031.5,8.6,3.8,60.0,6.1,0.0,72.8,6.4,0.0,39.7,0.0,0.4
Valmiera,1028.8,6.7,2.1,301.0,3.9,0.0,66.2,5.2,0.0,40.0,0.0,0.0
Valmiera,1029.2,5.8,1.8,312.5,3.5,0.0,72.3,4.5,0.0,40.0,0.0,0.0
Valmiera,1029.7,5.0,1.5,303.5,2.8,0.0,77.7,3.9,0.0,40.0,0.0,0.0
Valmiera,1029.9,4.2,1.3,294.3,2.3,0.0,81.7,1.7,0.0,40.0,0.0,0.0
Valmiera,1030.3,3.7,1.6,312.5,2.6,0.0,84.3,2.3,0.0,40.0,0.0,0.0
Valmiera,1030.7,3.2,1.4,313.5,2.5,0.0,86.1,2.1,0.0,40.0,0.0,0.0
Valmiera,1031.0,2.9,1.3,293.4,2.2,0.0,86.6,0.3,0.0,37.1,0.0,0.1
Valmiera,1031.4,5.2,1.5,321.9,2.9,0.0,77.6,4.1,0.0,25.2,0.0,0.5
Valmiera,1031.4,7.5,1.5,10.0,3.7,0.0,67.5,6.7,0.0,7.5,0.0,1.0
Valmiera,1031.4,10.3,1.2,30.0,3.8,0.0,58.3,7.8,0.0,0.1,0.0,1.9
Valmiera,1031.3,13.0,1.3,30.0,4.5,0.0,51.8,10.7,0.0,0.0,0.1,2.9
Valmiera,1031.3,14.6,1.5,20.2,5.1,0.0,47.3,12.1,0.0,3.1,0.1,4.0
Valmiera,1031.3,15.8,1.7,20.0,5.5,0.0,43.4,13.2,0.0,9.6,0.2,4.8
Valmiera,1031.1,16.9,1.7,0.2,5.7,0.0,40.6,14.3,0.0,3.3,0.1,5.1
Valmiera,1030.8,17.9,2.1,331.1,6.3,0.0,38.3,15.1,0.0,0.1,0.1,4.9
Valmiera,1030.5,18.7,2.5,340.0,7.0,0.0,36.5,15.6,0.0,0.0,0.0,4.2
Valmiera,1030.4,18.9,2.8,340.0,7.2,0.0,35.6,15.5,0.0,0.0,0.0,3.2
Valmiera,1030.3,19.0,2.8,340.0,7.2,0.0,35.6,15.6,0.0,0.0,0.0,2.1
Valmiera,1030.2,19.0,2.8,341.9,7.0,0.0,36.0,15.6,0.0,0.0,0.0,1.2
Valmiera,1030.0,18.3,2.7,351.0,6.4,0.0,38.5,15.1,0.0,0.0,0.0,0.6
Jēkabpils,1028.3,8.7,2.3,320.0,4.0,0.0,60.9,7.4,0.0,40.0,0.0,0.0
Jēkabpils,1028.8,8.0,2.3,320.0,4.0,0.0,62.5,6.7,0.0,40.0,0.0,0.0
Jēkabpils,1029.2,7.1,2.0,324.9,3.9,0.0,68.2,5.8,0.0,40.0,0.0,0.0
Jēkabpils,1029.3,6.2,1.8,320.0,3.4,0.0,74.0,4.9,0.0,40.0,0.0,0.0
Jēkabpils,1029.5,5.5,1.8,330.0,3.1,0.0,78.8,4.2,0.0,40.0,0.0,0.0
Jēkabpils,1029.8,5.0,1.8,330.0,3.0,0.0,82.4,3.6,0.0,40.0,0.0,0.0
Jēkabpils,1030.1,5.2,1.6,337.3,2.8,0.0,82.6,4.1,0.0,40.0,0.0,0.1
Jēkabpils,1030.4,6.4,1.8,359.7,3.4,0.0,74.9,5.1,0.0,34.5,0.0,0.4
Jēkabpils,1030.6,8.6,2.3,30.0,4.6,0.0,66.2,7.3,0.0,27.2,0.0,1.0
Jēkabpils,1030.6,11.2,2.2,47.6,5.1,0.0,59.6,8.4,0.0,21.2,0.0,1.9
Jēkabpils,1030.5,12.9,2.1,54.9,5.5,0.0,52.8,10.1,0.0,35.8,0.0,3.0
Jēkabpils,1030.5,14.7,2.0,42.3,5.7,0.0,46.8,11.9,0.0,30.7,0.0,4.0
Jēkabpils,1030.4,16.3,2.1,30.0,6.1,0.0,42.4,13.4,0.0,26.8,0.0,4.8
Rēzekne,1027.5,7.8,2.0,304.1,3.7,0.0,61.2,6.6,0.0,40.0,0.0,0.0
Rēzekne,1028.0,7.0,2.0,304.1,3.3,0.0,65.4,5.7,0.0,40.0,0.0,0.0
Rēzekne,1028.4,6.5,2.1,321.3,3.0,0.0,68.1,5.0,0.0,40.0,0.0,0.0
Rēzekne,1028.5,6.1,2.0,324.1,3.0,0.0,70.6,4.6,0.0,40.0,0.0,0.0
Rēzekne,1028.8,5.8,1.9,332.6,2.9,0.0,72.7,4.4,0.0,40.0,0.0,0.0
Rēzekne,1029.2,5.6,2.0,354.1,2.8,0.0,74.2,4.1,0.0,40.0,0.0,0.0
Rēzekne,1029.6,6.0,1.9,7.3,2.9,0.0,75.5,4.6,0.0,40.0,0.0,0.2
Rēzekne,1029.9,7.2,2.0,9.9,3.4,0.0,70.8,6.0,0.0,14.6,0.0,0.5
Rēzekne,1030.1,9.1,2.6,60.0,3.7,0.0,64.1,7.7,0.0,6.6,0.1,1.1
Rēzekne,1030.2,11.2,2.8,49.8,4.3,0.0,59.7,7.8,0.0,10.4,0.1,2.0
Rēzekne,1030.3,13.3,2.9,40.0,4.8,0.0,56.0,10.1,0.0,20.9,0.1,3.1
Liepāja,1029.9,8.9,2.1,0.6,2.7,0.0,80.3,7.8,0.0,40.0,0.0,0.0
Liepāja,1030.0,8.3,1.6,39.3,2.5,0.0,83.8,7.5,0.0,40.0,0.0,0.0
Liepāja,1030.3,7.7,1.8,48.4,2.0,0.0,85.0,6.6,0.0,40.0,0.0,0.0
Liepāja,1030.5,7.0,1.6,68.1,2.0,0.0,82.9,6.1,0.0,40.0,0.0,0.0
Liepāja,1030.7,6.5,2.0,82.4,2.3,0.0,82.3,5.1,0.0,40.0,0.7,0.0
Liepāja,1030.8,6.2,2.1,49.9,2.6,0.0,81.8,4.6,0.0,40.0,1.3,0.0
Liepāja,1030.9,5.9,2.2,48.6,2.8,0.0,80.6,4.2,0.0,40.0,2.0,0.1
Liepāja,1031.2,6.8,2.4,70.0,3.3,0.0,76.3,5.1,0.0,40.0,1.3,0.3
Liepāja,1031.3,8.3,2.0,87.9,3.3,0.0,69.7,7.2,0.0,40.0,0.7,0.8
Liepāja,1031.4,9.5,2.4,100.0,3.8,0.0,59.6,8.3,0.0,36.7,0.0,1.5
Liepāja,1031.4,11.6,2.1,99.7,3.9,0.0,53.4,8.5,0.0,40.0,0.0,2.5
Liepāja,1031.5,12.7,1.6,79.8,3.9,0.0,51.4,10.0,0.0,40.0,0.0,3.5
Liepāja,1031.6,13.4,2.5,77.7,3.8,0.0,52.0,10.3,0.0,40.0,0.0,4.3
Liepāja,1031.5,13.8,3.4,66.2,4.3,0.0,55.0,10.2,0.0,40.0,0.0,4.8
Liepāja,1031.3,13.8,4.6,39.0,5.2,0.0,56.1,9.5,0.0,40.0,0.0,4.8
Liepāja,1031.1,13.7,5.7,5.9,6.0,0.0,57.6,8.7,0.0,40.0,0.0,4.2
Liepāja,1030.9,13.5,6.3,339.6,6.7,0.0,63.4,8.3,0.0,38.3,0.0,3.3
Liepāja,1030.5,14.6,5.9,50.5,7.3,0.0,57.4,9.6,0.0,39.0,0.0,2.2
Liepāja,1030.2,14.9,5.9,55.0,7.7,0.0,56.6,9.9,0.0,40.0,0.0,1.3
Liepāja,1030.0,14.8,5.0,53.6,7.7,0.0,57.8,10.4,0.0,40.0,0.0,0.6
Liepāja,1029.9,15.2,4.6,70.0,7.3,0.0,52.7,11.0,0.0,39.9,0.0,0.2
Liepāja,1030.2,15.0,4.6,60.0,7.2,0.0,49.6,10.6,0.0,40.0,0.0,0.1
Liepāja,1030.7,13.8,4.5,60.0,6.8,0.0,51.4,9.4,0.0,40.0,0.0,0.0
Liepāja,1031.0,12.9,4.3,60.0,6.5,0.0,52.0,8.5,0.0,40.0,0.0,0.0
Jelgava,1031.5,8.6,2.1,48.7,4.7,0.0,65.9,7.4,0.0,21.6,0.0,0.9
Jelgava,1031.4,11.0,2.5,40.0,5.7,0.0,55.7,7.7,0.0,38.9,0.0,1.7
Jelgava,1031.4,12.5,2.4,33.3,6.2,0.0,47.7,9.0,0.0,40.0,0.0,2.7
Jelgava,1031.4,13.9,2.6,33.3,6.8,0.0,41.5,10.3,0.0,40.0,0.0,3.8
Jelgava,1031.4,15.2,2.6,30.0,7.1,0.0,37.3,11.5,0.0,39.9,0.0,4.6
Jelgava,1031.2,16.2,2.9,21.9,7.6,0.0,35.4,12.4,0.0,40.0,0.0,5.0
Jūrmala,1031.6,9.2,3.9,53.1,6.5,0.0,66.9,7.0,0.0,21.6,0.0,0.9
Jūrmala,1031.7,9.9,3.7,45.4,6.6,0.0,62.7,7.0,0.0,18.5,0.0,1.7
Jūrmala,1031.8,10.6,3.7,33.1,6.9,0.0,60.4,7.2,0.0,12.6,0.0,2.8
Jūrmala,1032.0,11.1,3.8,20.0,7.1,0.0,58.4,7.0,0.0,19.2,0.0,3.8
Jūrmala,1032.1,11.7,4.3,3.1,7.5,0.0,56.9,7.3,0.0,32.8,0.0,4.6
Jūrmala,1032.1,12.1,5.0,360.0,8.4,0.0,55.2,7.2,0.0,26.1,0.0,5.0
Jūrmala,1032.1,12.4,5.5,360.0,9.1,0.0,58.3,7.4,0.0,7.4,0.0,4.9
Jūrmala,1031.9,12.6,5.7,360.0,9.5,0.0,59.6,7.5,0.0,4.2,0.0,4.3
Jūrmala,1031.7,12.8,5.5,360.0,9.4,0.0,58.8,7.8,0.0,3.0,0.0,3.3
Jūrmala,1031.5,12.8,5.1,360.0,9.0,0.0,61.5,8.2,0.0,0.1,0.0,2.2
Jūrmala,1031.3,12.7,5.0,360.0,8.4,0.0,62.7,8.3,0.0,0.0,0.0,1.3
Jūrmala,1031.1,12.3,4.9,360.0,8.0,0.0,66.6,8.1,0.0,0.0,0.0,0.6
Jūrmala,1030.9,12.0,4.5,360.0,7.7,0.0,70.2,8.1,0.0,0.0,0.0,0.2
Jūrmala,1031.0,11.6,4.3,10.0,7.0,0.0,71.1,7.8,0.0,0.0,0.0,0.0
Jūrmala,1031.3,11.2,4.1,10.0,6.6,0.0,74.7,7.6,0.0,10.9,0.0,0.0
Jūrmala,1031.4,10.9,3.7,15.4,6.1,0.0,78.1,7.7,0.0,40.0,0.0,0.0
Valmiera,1030.0,16.2,2.9,331.3,6.1,0.0,43.6,12.9,0.0,0.0,0.0,0.2
Valmiera,1030.4,14.3,2.4,330.8,6.3,0.0,54.3,11.5,0.0,0.0,0.0,0.0
Valmiera,1030.8,12.2,1.9,330.2,4.5,0.0,62.5,9.8,0.0,0.0,0.0,0.0
Valmiera,1031.1,10.4,1.7,322.0,3.4,0.0,70.3,8.2,0.0,0.0,0.0,0.0
Jēkabpils,1030.3,17.3,2.3,30.0,6.6,0.0,40.7,14.3,0.0,24.7,0.0,5.1
Jēkabpils,1030.0,17.4,2.3,30.0,6.7,0.0,39.3,14.3,0.0,32.4,0.0,4.9
Jēkabpils,1029.8,18.2,2.4,30.0,6.7,0.0,38.0,15.2,0.0,39.7,0.0,4.2
Jēkabpils,1029.5,18.5,2.5,30.0,6.7,0.0,37.3,15.4,0.0,37.6,0.0,3.2
Jēkabpils,1029.3,18.5,2.6,34.7,6.7,0.0,37.2,15.3,0.0,39.2,0.0,2.1
Jēkabpils,1029.1,18.4,2.7,40.0,6.5,0.0,37.2,15.2,0.0,38.7,0.0,1.2
Jēkabpils,1029.0,18.1,2.5,40.0,6.2,0.0,39.0,15.0,0.0,32.2,0.0,0.5
Jēkabpils,1029.1,16.8,2.2,40.0,5.5,0.0,43.4,14.0,0.0,9.4,0.0,0.2
Jēkabpils,1029.4,14.9,2.2,40.0,4.3,0.0,54.2,12.4,0.0,19.1,0.0,0.0
Jēkabpils,1029.9,13.2,3.0,60.0,5.5,0.0,58.2,9.9,0.0,20.3,0.0,0.0
Jēkabpils,1030.3,11.5,2.4,70.0,5.7,0.0,60.2,8.5,0.0,27.6,0.0,0.0
Rēzekne,1030.2,14.6,2.9,39.8,5.4,0.0,50.9,11.4,0.0,17.9,0.0,4.2
Rēzekne,1030.0,15.8,2.8,30.0,5.8,0.0,47.0,12.6,0.0,5.2,0.0,4.9
Rēzekne,1029.8,16.7,3.1,20.0,6.3,0.0,44.7,13.3,0.0,3.5,0.0,5.2
Rēzekne,1029.5,17.6,3.2,20.0,6.6,0.0,42.9,14.1,0.0,5.1,0.0,4.9
Rēzekne,1029.5,18.2,3.3,22.6,6.8,0.0,40.8,14.7,0.0,4.8,0.0,4.1
Rēzekne,1029.3,18.4,3.4,30.0,7.2,0.0,40.1,14.8,0.0,3.7,0.0,3.0
Rēzekne,1029.1,18.4,3.5,32.8,7.3,0.0,40.0,14.7,0.0,5.4,0.0,2.0
Rēzekne,1029.0,18.0,3.6,40.0,7.1,0.0,39.9,14.2,0.0,14.0,0.0,1.1
Rēzekne,1029.0,17.3,3.3,40.0,7.4,0.0,41.5,13.6,0.0,14.9,0.0,0.5
Rēzekne,1029.2,15.2,2.9,40.0,6.5,0.0,44.7,11.8,0.0,17.1,0.0,0.2
Rēzekne,1029.6,13.5,2.3,30.0,5.3,0.0,51.5,10.5,0.0,7.3,0.0,0.0
Rēzekne,1029.9,11.1,2.0,11.5,4.1,0.0,60.5,8.3,0.0,1.2,0.0,0.0
Rēzekne,1030.1,9.7,2.2,10.0,3.7,0.0,62.2,8.3,0.0,0.0,0.0,0.0
Daugavpils,1027.8,9.1,2.0,320.3,4.0,0.0,63.2,8.2,0.0,40.0,0.0,0.0
Daugavpils,1028.3,8.4,2.0,326.7,3.4,0.0,67.7,7.4,0.0,40.0,0.0,0.0
Daugavpils,1028.7,7.9,2.2,326.7,3.7,0.0,70.2,6.6,0.0,40.0,0.0,0.0
Daugavpils,1028.8,7.5,2.2,330.2,3.9,0.0,70.9,6.1,0.0,40.0,0.0,0.0
Daugavpils,1028.9,7.1,2.1,330.2,3.9,0.0,71.9,5.7,0.0,40.0,0.0,0.0
Daugavpils,1029.2,6.6,2.1,330.0,3.7,0.0,73.6,5.2,0.0,40.0,0.0,0.0
Daugavpils,1029.5,6.6,2.1,340.1,3.7,0.0,73.5,5.2,0.0,40.0,0.0,0.1
Daugavpils,1029.7,7.8,2.3,350.3,4.3,0.0,69.0,6.3,0.0,40.0,0.0,0.4
Daugavpils,1029.8,8.9,2.2,10.3,4.5,0.0,64.0,7.8,0.0,31.8,0.0,1.0
Daugavpils,1029.8,11.5,2.3,40.0,5.2,0.0,59.4,8.5,0.0,10.2,0.0,2.0
Daugavpils,1029.7,14.3,2.7,43.5,6.3,0.0,52.9,11.3,0.0,3.6,0.0,3.1
Daugavpils,1029.6,15.6,3.1,40.0,7.2,0.0,46.4,12.2,0.0,3.8,0.0,4.2
Daugavpils,1029.6,16.7,3.1,39.8,7.4,0.0,41.8,13.1,0.0,7.3,0.0,5.1
Daugavpils,1029.4,17.5,3.1,30.0,7.5,0.0,40.2,14.0,0.0,9.7,0.0,5.4
Daugavpils,1029.3,17.3,3.0,30.0,7.6,0.0,39.0,13.7,0.0,40.0,0.0,5.1
Daugavpils,1029.1,18.1,3.1,30.0,7.7,0.0,38.8,14.6,0.0,39.7,0.0,4.2
Daugavpils,1028.9,19.2,3.2,30.0,7.7,0.0,38.8,15.8,0.0,18.0,0.0,3.2
Daugavpils,1028.7,19.2,3.3,30.0,7.7,0.0,39.0,15.8,0.0,18.0,0.0,2.1
Daugavpils,1028.6,18.2,3.2,30.0,7.6,0.0,39.5,14.7,0.0,40.0,0.0,1.1
Daugavpils,1028.6,17.6,3.1,30.0,7.2,0.0,41.0,14.1,0.0,40.0,0.0,0.5
Ventspils,1030.0,6.4,1.8,27.4,2.8,0.0,84.7,5.1,0.0,6.0,0.0,0.0
Ventspils,1030.2,5.6,1.4,53.6,2.5,0.0,86.5,4.1,0.0,12.8,0.0,0.0
Ventspils,1030.6,4.0,1.1,83.0,2.1,0.0,89.4,1.6,0.0,17.9,0.0,0.0
Ventspils,1030.8,3.4,0.9,80.6,1.7,0.0,89.0,1.1,0.0,17.0,0.0,0.0
Jelgava,1031.1,16.7,3.6,8.7,8.5,0.0,36.0,12.4,0.0,40.0,0.0,4.8
Jelgava,1031.0,16.8,3.9,8.7,9.2,0.0,37.8,12.4,0.0,40.0,0.0,4.2
Jelgava,1030.9,16.4,4.1,10.0,9.2,0.0,40.3,12.1,0.0,40.0,0.0,3.3
Jelgava,1030.9,16.1,3.9,10.0,9.2,0.0,41.6,11.9,0.0,40.0,0.0,2.2
Jelgava,1030.8,15.7,3.8,10.0,8.7,0.0,41.4,11.5,0.0,40.0,0.0,1.3
Jelgava,1030.7,14.9,3.5,10.0,8.0,0.0,41.7,10.9,0.0,35.2,0.0,0.6
Jelgava,1030.5,13.8,3.4,10.0,7.3,0.0,44.3,9.8,0.0,21.7,0.0,0.2
Jelgava,1030.7,12.6,2.9,10.0,6.7,0.0,51.9,9.0,0.0,24.0,0.0,0.0
Jelgava,1030.9,11.2,2.6,8.7,5.7,0.0,61.2,8.1,0.0,40.0,0.0,0.0
Jelgava,1031.1,10.1,2.4,5.4,4.9,0.0,67.9,7.5,0.0,40.0,0.0,0.0
Daugavpils,1028.7,16.5,2.7,30.2,6.3,0.0,46.1,13.4,0.0,37.9,0.0,0.2
Daugavpils,1029.0,15.1,2.3,50.2,5.0,0.0,54.8,12.5,0.0,6.4,0.0,0.0
Daugavpils,1029.4,13.3,2.4,59.9,4.1,0.0,57.6,10.6,0.0,0.2,0.0,0.0
Daugavpils,1029.6,11.9,2.5,50.0,4.1,0.0,59.8,8.9,0.0,0.2,0.0,0.0
Ventspils,1031.1,2.5,1.2,135.2,2.0,0.0,90.0,0.5,0.0,21.5,0.7,0.0
Ventspils,1031.3,2.1,1.1,110.0,2.1,0.0,90.2,-0.6,0.0,20.0,1.5,0.0
Ventspils,1031.5,2.3,1.1,106.7,1.8,0.0,90.2,-0.3,0.0,16.5,2.2,0.1
Ventspils,1031.9,3.9,1.0,90.9,2.0,0.0,84.8,1.4,0.0,0.1,1.5,0.3
Ventspils,1032.0,6.8,1.4,67.9,2.6,0.0,77.6,5.6,0.0,1.1,0.7,0.8
Ventspils,1032.0,9.2,2.2,90.0,4.1,0.0,67.8,8.0,0.0,0.7,0.0,1.6
Ventspils,1032.1,11.3,2.0,110.0,4.5,0.0,60.8,8.5,0.0,0.3,0.0,2.6
Ventspils,1032.2,13.3,2.2,79.1,4.8,0.0,56.5,10.6,0.0,9.9,0.0,3.7
Ventspils,1032.4,12.8,3.7,23.2,6.4,0.0,62.7,9.3,0.0,40.0,0.0,4.6
Ventspils,1032.4,13.1,4.7,359.9,7.6,0.0,62.3,8.9,0.0,40.0,0.4,5.0
Ventspils,1032.1,13.7,5.3,15.7,8.7,0.0,58.7,9.0,0.0,39.8,0.8,5.0
Ventspils,1031.9,15.1,5.7,16.1,9.5,0.0,55.4,10.2,0.0,13.5,1.1,4.4
Ventspils,1031.8,15.2,5.7,22.1,9.6,0.0,52.8,10.2,0.0,1.0,0.8,3.4
Ventspils,1031.6,15.1,5.5,22.1,9.5,0.0,52.1,10.2,0.0,0.1,0.4,2.4
Ventspils,1031.7,14.9,5.3,26.3,9.1,0.0,52.2,10.1,0.0,0.0,0.0,1.4
Ventspils,1031.6,14.2,4.9,24.1,8.6,0.0,53.5,9.6,0.0,0.0,0.0,0.7
Ventspils,1031.5,13.4,4.4,30.0,7.9,0.0,54.0,9.0,0.0,0.0,0.0,0.3
Ventspils,1031.7,11.3,3.8,30.0,7.0,0.0,55.2,7.1,0.0,0.7,0.0,0.1
Ventspils,1032.0,10.0,3.3,30.0,5.8,0.0,58.9,6.9,0.0,1.4,0.0,0.0
Ventspils,1032.1,8.9,2.9,30.0,5.0,0.0,69.5,7.3,0.0,23.5,0.0,0.0
Aizkraukle,1028.8,7.8,2.2,320.6,4.0,0.0,61.6,6.4,0.0,40.0,0.0,0.0
Aizkraukle,1029.2,6.9,2.1,326.2,3.8,0.0,68.9,5.5,0.0,40.0,0.0,0.0
Aizkraukle,1029.5,6.0,1.8,327.6,3.5,0.0,76.8,4.7,0.0,40.0,0.0,0.0
Aizkraukle,1029.6,5.2,1.8,327.6,3.1,0.0,82.5,3.9,0.0,40.0,0.0,0.0
Aizkraukle,1029.8,4.9,1.9,342.4,3.2,0.0,83.8,3.3,0.0,40.0,0.0,0.0
Aizkraukle,1030.1,4.5,1.8,353.8,3.1,0.0,84.7,3.0,0.0,40.0,0.0,0.0
Aizkraukle,1030.4,4.1,1.7,354.4,3.1,0.0,84.8,2.7,0.0,38.6,0.0,0.1
Aizkraukle,1030.9,6.0,1.9,6.2,3.9,0.0,75.6,4.6,0.0,23.2,0.0,0.4
Aizkraukle,1030.9,8.3,2.3,30.0,4.8,0.0,66.4,6.9,0.0,35.3,0.0,1.0
Aizkraukle,1030.9,11.0,2.0,43.8,5.0,0.0,59.3,8.2,0.0,37.9,0.0,1.8
Aizkraukle,1030.8,12.7,1.7,58.6,5.1,0.0,51.4,10.0,0.0,32.0,0.0,2.9
Aizkraukle,1030.7,14.9,1.5,41.8,5.2,0.0,45.4,12.4,0.0,18.4,0.0,3.9
Aizkraukle,1030.6,16.2,1.6,23.2,5.5,0.0,41.0,13.6,0.0,13.6,0.0,4.7
Aizkraukle,1030.5,17.2,1.9,23.2,6.0,0.0,38.8,14.4,0.0,16.1,0.0,5.1
Aizkraukle,1030.2,17.3,2.0,23.2,6.1,0.0,37.4,14.4,0.0,39.5,0.0,4.9
Aizkraukle,1030.0,18.1,2.1,23.8,6.3,0.0,36.0,15.1,0.0,40.0,0.0,4.2
Aizkraukle,1029.7,18.3,2.3,29.4,6.4,0.0,35.5,15.2,0.0,40.0,0.0,3.2
Aizkraukle,1029.5,18.4,2.4,33.8,6.5,0.0,35.5,15.2,0.0,40.0,0.0,2.1
Aizkraukle,1029.4,18.3,2.4,34.6,6.3,0.0,35.9,15.1,0.0,40.0,0.0,1.2
Aizkraukle,1029.2,18.1,2.3,30.0,5.9,0.0,37.8,15.1,0.0,29.5,0.0,0.6
Aizkraukle,1029.2,16.9,2.1,20.0,5.2,0.0,42.7,14.1,0.0,5.3,0.0,0.2
Aizkraukle,1029.5,14.9,1.8,15.9,4.0,0.0,55.6,12.8,0.0,24.8,0.0,0.0
Aizkraukle,1030.0,12.8,2.4,335.5,4.5,0.0,64.6,10.3,0.0,20.5,0.0,0.0
Aizkraukle,1030.4,11.1,2.3,7.6,4.2,0.0,72.6,8.6,0.0,39.9,0.0,0.0
Alūksne,1027.9,7.8,2.4,310.0,4.0,0.0,60.4,6.3,0.0,40.0,0.0,0.0
Alūksne,1028.4,7.0,2.3,323.3,3.8,0.0,65.3,5.4,0.0,40.0,0.0,0.0
Alūksne,1028.8,6.4,2.2,339.6,3.7,0.0,69.1,4.8,0.0,40.0,0.0,0.0
Alūksne,1029.1,5.8,2.1,349.6,3.5,0.0,73.0,4.3,0.0,40.0,0.0,0.0
Alūksne,1029.5,5.5,2.0,359.6,3.5,0.0,76.6,4.0,0.0,40.0,0.0,0.0
Alūksne,1029.9,5.1,1.9,6.3,3.4,0.0,80.0,3.6,0.0,40.0,0.0,0.0
Alūksne,1030.2,4.7,1.7,359.2,3.5,0.0,81.1,3.1,0.0,35.5,0.0,0.2
Alūksne,1030.6,6.4,1.8,9.6,4.0,0.0,73.5,5.1,0.0,19.9,1.6,0.5
Alūksne,1030.8,8.3,1.6,20.0,4.1,0.0,68.6,7.6,0.0,0.7,3.2,1.1
Alūksne,1030.8,10.7,1.5,50.0,4.4,0.0,63.2,8.3,0.0,0.2,4.9,2.0
Alūksne,1030.7,12.8,1.6,27.7,4.8,0.0,56.1,10.5,0.0,1.9,4.0,3.0
Alūksne,1030.7,14.2,1.9,27.4,5.6,0.0,51.6,11.6,0.0,11.3,3.2,3.8
Alūksne,1030.6,15.3,2.0,25.0,6.0,0.0,47.5,12.6,0.0,26.4,2.3,4.4
Alūksne,1030.4,16.2,2.0,12.6,6.2,0.0,44.4,13.5,0.0,22.2,1.5,4.9
Alūksne,1030.1,17.1,2.3,7.6,6.7,0.0,41.5,14.1,0.0,2.5,0.8,4.5
Alūksne,1029.9,17.8,2.7,7.6,7.3,0.0,39.6,14.6,0.0,0.5,0.0,3.5
Alūksne,1029.8,17.9,2.8,20.0,7.4,0.0,39.4,14.6,0.0,1.0,0.0,2.8
Alūksne,1029.8,17.7,3.1,40.0,7.6,0.0,39.4,14.1,0.0,1.3,0.0,1.9
Alūksne,1029.9,17.1,3.2,40.0,7.6,0.0,39.2,13.4,0.0,0.0,0.0,1.0
Gulbene,1028.0,7.8,2.5,320.0,3.5,0.0,61.1,6.2,0.0,40.0,0.0,0.0
Gulbene,1028.5,7.2,2.5,320.1,3.6,0.0,63.3,5.5,0.0,40.0,0.0,0.0
Gulbene,1028.9,6.4,2.3,330.0,3.8,0.0,67.1,4.7,0.0,40.0,0.0,0.0
Gulbene,1029.1,5.7,2.2,330.1,3.6,0.0,71.3,4.0,0.0,40.0,0.0,0.0
Gulbene,1029.5,5.1,2.1,340.0,3.6,0.0,75.8,3.4,0.0,40.0,0.0,0.0
Gulbene,1029.9,4.7,2.2,340.0,3.5,0.0,79.6,2.8,0.0,40.0,0.0,0.0
Gulbene,1030.2,4.3,2.0,342.1,3.5,0.0,81.4,2.6,0.0,20.2,0.0,0.2
Gulbene,1030.7,6.1,1.9,340.0,3.5,0.0,74.7,4.7,0.0,13.4,0.3,0.5
Gulbene,1030.8,8.1,1.7,10.0,3.8,0.0,66.5,7.2,0.0,4.7,0.7,1.1
Gulbene,1030.9,10.7,1.5,40.0,4.1,0.0,61.8,8.3,0.0,0.6,1.0,2.0
Gulbene,1030.8,13.1,1.4,47.6,4.5,0.0,56.3,10.9,0.0,0.7,0.8,3.0
Gulbene,1030.6,14.6,1.6,37.4,4.8,0.0,50.8,12.2,0.0,2.0,0.6,4.0
Gulbene,1030.6,16.0,1.9,30.0,5.1,0.0,45.9,13.4,0.0,5.4,0.3,4.8
Gulbene,1030.3,17.0,2.1,29.4,5.4,0.0,43.2,14.2,0.0,7.2,0.2,5.0
Gulbene,1030.0,17.8,2.3,12.0,5.9,0.0,40.9,14.9,0.0,4.1,0.1,4.7
Gulbene,1029.8,18.7,2.6,12.0,6.2,0.0,38.3,15.6,0.0,0.7,0.0,3.9
Gulbene,1029.6,18.9,2.8,19.5,6.3,0.0,36.6,15.6,0.0,0.8,0.0,2.9
Gulbene,1029.5,18.9,2.9,20.0,6.3,0.0,36.1,15.4,0.0,0.0,0.0,1.9
Gulbene,1029.4,18.6,2.9,30.0,6.2,0.0,36.9,15.1,0.0,0.2,0.0,1.1
Gulbene,1029.5,17.5,3.4,50.0,6.0,0.0,39.5,13.7,0.0,0.8,0.0,0.5
Gulbene,1029.8,15.2,3.1,60.0,5.3,0.0,42.7,11.5,0.0,0.0,0.0,0.2
Gulbene,1030.2,13.6,2.3,60.0,4.7,0.0,49.4,10.5,0.0,0.0,0.0,0.0
Gulbene,1030.4,11.2,1.9,60.0,4.3,0.0,55.8,8.3,0.0,0.0,0.0,0.0
Gulbene,1030.7,9.6,2.0,49.4,3.6,0.0,61.1,8.6,0.0,2.2,0.0,0.0
Bauska,1029.2,7.4,2.2,344.3,4.0,0.0,64.2,6.0,0.0,40.0,0.0,0.0
Bauska,1029.5,6.3,1.7,344.7,3.4,0.0,73.0,5.2,0.0,40.0,0.0,0.0
Bauska,1029.9,5.2,1.4,315.7,2.5,0.0,80.8,3.7,0.0,40.0,0.0,0.0
Bauska,1030.0,4.4,1.4,316.5,2.1,0.0,87.4,3.3,0.0,40.0,0.0,0.0
Bauska,1030.1,3.9,1.6,310.7,2.4,0.0,90.2,2.7,0.0,40.0,0.0,0.0
Bauska,1030.4,3.6,1.6,320.0,2.5,0.0,91.8,2.1,0.0,40.0,0.0,0.0
Bauska,1030.7,3.8,1.4,334.7,2.6,0.0,91.9,2.6,0.0,40.0,0.0,0.1
Bauska,1031.1,5.1,1.5,358.3,2.8,0.0,83.5,4.0,0.0,34.6,0.0,0.4
Bauska,1031.2,8.1,2.1,33.5,4.3,0.0,67.4,6.9,0.0,26.6,0.0,0.9
Bauska,1031.1,11.0,2.6,25.7,5.8,0.0,55.9,7.6,0.0,38.4,0.0,1.7
Bauska,1031.0,12.7,2.5,35.7,6.1,0.0,47.7,9.3,0.0,40.0,0.0,2.8
Bauska,1031.0,14.1,2.4,45.7,6.3,0.0,42.2,10.7,0.0,39.3,0.0,3.8
Bauska,1030.9,15.4,2.4,30.0,6.5,0.0,38.3,12.0,0.0,37.3,0.0,4.7
Dobele,1029.7,6.3,1.3,321.6,2.1,0.0,69.0,4.2,0.0,40.0,0.0,0.0
Dobele,1029.9,5.3,1.4,327.1,2.3,0.0,73.5,3.1,0.0,40.0,0.0,0.0
Dobele,1030.2,4.5,1.6,318.7,2.5,0.0,77.2,3.2,0.0,40.0,0.0,0.0
Dobele,1030.4,3.8,1.6,311.6,2.6,0.0,80.1,2.5,0.0,40.0,0.0,0.0
Dobele,1030.6,3.4,1.8,312.9,2.8,0.0,82.9,1.8,0.0,40.0,0.0,0.0
Dobele,1030.7,3.1,1.8,322.9,2.9,0.0,86.1,1.4,0.0,40.0,0.0,0.0
Dobele,1031.0,3.1,1.7,324.2,2.9,0.0,87.8,1.5,0.0,39.9,0.0,0.1
Dobele,1031.4,5.0,1.7,343.8,3.2,0.0,80.6,3.7,0.0,30.4,0.0,0.4
Dobele,1031.6,8.0,2.0,30.4,4.2,0.0,73.3,6.9,0.0,25.7,0.0,0.9
Dobele,1031.6,10.4,2.5,50.9,5.7,0.0,63.2,7.2,0.0,40.0,0.0,1.7
Dobele,1031.5,11.9,2.5,40.0,6.1,0.0,54.8,8.6,0.0,40.0,0.0,2.7
Dobele,1031.5,13.4,2.8,40.0,7.0,0.0,44.7,9.7,0.0,40.0,0.0,3.7
Dobele,1031.5,14.5,3.1,31.2,7.7,0.0,39.2,10.5,0.0,40.0,0.0,4.5
Dobele,1031.5,15.2,3.6,27.4,8.5,0.0,36.6,10.8,0.0,40.0,0.0,4.9
Dobele,1031.4,15.6,3.8,27.4,8.8,0.0,34.7,11.0,0.0,40.0,0.0,4.8
Dobele,1031.2,15.9,3.7,27.4,8.9,0.0,32.9,11.3,0.0,40.0,0.0,4.2
Dobele,1031.1,16.0,3.7,30.0,8.7,0.0,33.4,11.3,0.0,40.0,0.0,3.2
Dobele,1031.0,15.7,3.7,30.0,8.6,0.0,34.7,11.2,0.0,40.0,0.0,2.2
Dobele,1030.9,15.3,3.6,30.0,8.3,0.0,35.2,10.8,0.0,40.0,0.0,1.3
Dobele,1030.8,14.6,3.4,30.0,7.8,0.0,37.3,10.3,0.0,40.0,0.0,0.6
Dobele,1030.7,13.4,3.3,27.4,6.9,0.0,41.1,9.2,0.0,40.0,0.0,0.2
Dobele,1030.9,12.0,2.9,20.0,6.4,0.0,49.8,8.3,0.0,38.5,0.0,0.0
Dobele,1031.2,10.5,2.3,7.4,5.5,0.0,60.1,7.4,0.0,40.0,0.0,0.0
Dobele,1031.4,9.2,2.3,358.3,4.4,0.0,67.0,8.0,0.0,40.0,0.0,0.0
Balvi,1027.7,8.2,2.4,330.0,3.4,0.0,62.4,6.8,0.0,40.0,0.0,0.0
Balvi,1028.1,7.7,2.3,330.0,3.5,0.0,61.8,6.3,0.0,40.0,0.0,0.0
Balvi,1028.5,6.9,2.0,330.0,3.4,0.0,65.8,5.6,0.0,40.0,0.0,0.0
Balvi,1028.8,6.1,1.6,340.0,3.1,0.0,71.1,5.0,0.0,40.0,0.0,0.0
Balvi,1029.2,5.5,1.6,342.1,2.6,0.0,76.3,4.3,0.0,40.0,0.0,0.0
Balvi,1029.6,4.8,1.5,340.0,2.2,0.0,81.7,3.7,0.0,40.0,0.0,0.0
Balvi,1030.0,4.6,1.4,350.7,2.2,0.0,82.5,3.4,0.0,13.2,0.0,0.2
Balvi,1030.4,6.6,1.7,0.7,3.1,0.0,74.4,5.5,0.0,9.3,0.8,0.5
Balvi,1030.6,8.7,1.8,30.0,4.0,0.0,66.6,7.8,0.0,4.6,1.5,1.1
Balvi,1030.7,11.1,1.9,48.6,4.6,0.0,60.9,8.5,0.0,1.2,2.3,2.0
Balvi,1030.6,13.4,1.9,28.6,5.2,0.0,56.0,10.9,0.0,1.2,2.0,3.0
Balvi,1030.5,14.7,2.1,20.0,5.5,0.0,51.2,12.0,0.0,2.3,1.6,3.9
Balvi,1030.4,15.9,2.3,20.0,5.9,0.0,46.9,13.1,0.0,1.8,1.3,4.5
Balvi,1030.2,16.9,2.4,10.0,6.0,0.0,43.8,14.0,0.0,5.3,0.9,4.9
Balvi,1029.9,17.8,2.6,10.0,6.5,0.0,40.8,14.7,0.0,2.6,0.4,4.5
Balvi,1029.7,18.6,2.8,20.0,6.7,0.0,38.6,15.4,0.0,0.5,0.0,3.8
Balvi,1029.6,18.8,2.8,20.0,6.7,0.0,38.0,15.6,0.0,0.9,0.0,2.7
Balvi,1029.5,18.7,3.3,30.0,7.0,0.0,37.5,15.0,0.0,1.4,0.0,1.8
Balvi,1029.6,18.0,3.7,30.0,7.4,0.0,37.0,14.0,0.0,0.0,0.0,1.0
Balvi,1029.7,17.0,3.5,28.6,7.0,0.0,37.9,12.9,0.0,0.0,0.0,0.5
Balvi,1029.9,14.8,2.8,19.3,5.7,0.0,41.7,11.2,0.0,0.0,0.0,0.2
Balvi,1030.1,12.8,1.8,10.0,4.5,0.0,51.8,10.1,0.0,0.0,0.0,0.0
Balvi,1030.3,10.5,1.6,10.7,3.4,0.0,61.6,7.9,0.0,0.0,0.0,0.0
Balvi,1030.6,8.8,1.6,15.9,3.1,0.0,71.7,8.0,0.0,0.0,0.0,0.0
Cēsis,1028.9,6.2,1.3,240.9,2.6,0.0,73.8,4.7,0.0,40.0,0.0,0.0
Cēsis,1029.3,5.4,1.0,229.7,2.3,0.0,78.4,3.0,0.0,40.0,0.0,0.0
Cēsis,1029.7,4.6,1.0,224.5,1.7,0.0,82.0,2.3,0.0,40.0,0.0,0.0
Cēsis,1029.9,4.0,0.9,197.3,1.5,0.0,85.2,1.6,0.0,40.0,0.0,0.0
Cēsis,1030.3,3.6,0.8,257.4,1.4,0.0,87.0,1.2,0.0,40.0,0.0,0.0
Cēsis,1030.7,3.1,0.9,346.2,1.6,0.0,89.6,0.7,0.0,40.0,0.0,0.0
Cēsis,1031.0,3.2,0.9,4.6,1.6,0.0,89.6,0.9,0.0,40.0,0.0,0.1
Cēsis,1031.4,4.8,1.4,10.0,2.9,0.0,78.9,3.8,0.0,34.3,0.0,0.4
Cēsis,1031.5,7.2,1.7,27.5,4.1,0.0,68.5,6.2,0.0,14.7,0.0,1.0
Cēsis,1031.4,9.8,1.5,36.1,4.3,0.0,59.7,8.9,0.0,15.7,0.0,1.9
Cēsis,1031.3,12.4,1.6,30.0,5.0,0.0,52.4,9.8,0.0,11.3,0.0,2.9
Cēsis,1031.2,14.1,1.7,30.0,5.4,0.0,47.4,11.4,0.0,16.1,0.0,4.0
Cēsis,1031.2,15.2,1.8,32.3,5.9,0.0,43.5,12.4,0.0,28.6,0.0,4.8
Cēsis,1031.0,16.7,1.9,27.5,6.2,0.0,40.9,13.9,0.0,16.2,0.0,5.1
Cēsis,1030.7,17.5,2.1,9.8,6.5,0.0,38.9,14.6,0.0,2.1,0.0,4.9
Cēsis,1030.4,18.4,2.3,353.7,6.8,0.0,37.4,15.4,0.0,0.0,0.0,4.2
Cēsis,1030.2,18.7,2.4,356.2,7.0,0.0,36.8,15.6,0.0,0.0,0.0,3.2
Cēsis,1030.1,18.7,2.5,360.0,6.9,0.0,36.4,15.5,0.0,0.0,0.0,2.1
Cēsis,1030.0,18.5,2.6,360.0,6.8,0.0,36.9,15.3,0.0,0.0,0.0,1.2
Cēsis,1029.9,17.8,2.7,2.3,6.6,0.0,39.4,14.6,0.0,0.0,0.0,0.6
Cēsis,1029.8,15.9,2.4,360.0,6.3,0.0,43.8,12.8,0.0,0.0,0.0,0.2
Cēsis,1030.3,14.2,2.6,357.7,6.0,0.0,52.8,11.2,0.0,0.0,0.0,0.0
Cēsis,1030.8,12.2,1.7,357.5,5.5,0.0,60.2,9.8,0.0,0.0,0.0,0.0
Cēsis,1031.1,10.3,1.3,355.1,3.3,0.0,68.4,8.6,0.0,0.0,0.0,0.0
Krāslava,1027.5,9.3,2.2,346.1,4.9,0.0,55.6,8.2,0.0,40.0,0.0,0.0
Krāslava,1027.9,8.7,2.1,332.5,4.1,0.0,58.3,7.6,0.0,40.0,0.0,0.0
Krāslava,1028.2,8.3,2.2,326.6,4.1,0.0,60.1,7.0,0.0,40.0,0.0,0.0
Krāslava,1028.3,7.7,2.1,336.1,4.0,0.0,63.3,6.4,0.0,40.0,0.0,0.0
Krāslava,1028.5,7.2,2.1,342.5,4.0,0.0,66.2,5.9,0.0,40.0,0.0,0.0
Krāslava,1028.7,6.9,2.1,343.0,3.9,0.0,68.9,5.5,0.0,40.0,0.0,0.0
Krāslava,1029.0,7.0,2.1,356.6,4.1,0.0,70.5,5.5,0.0,40.0,0.0,0.1
Krāslava,1029.3,7.8,2.6,20.0,5.2,0.0,67.5,6.1,0.0,35.6,0.0,0.5
Krāslava,1029.4,9.6,2.9,40.0,5.9,0.0,63.2,8.2,0.0,12.7,0.0,1.1
Krāslava,1029.4,12.0,2.9,50.0,6.6,0.0,57.1,8.6,0.0,4.8,0.0,2.0
Krāslava,1029.5,14.3,3.0,40.0,7.1,0.0,52.1,11.0,0.0,1.6,0.0,3.2
Krāslava,1029.4,15.5,3.0,35.6,7.4,0.0,46.1,12.0,0.0,3.1,0.0,4.3
Krāslava,1029.4,16.4,2.9,30.0,7.6,0.0,42.2,13.0,0.0,6.8,0.0,5.1
Krāslava,1029.3,17.1,3.0,20.0,7.9,0.0,39.9,13.6,0.0,4.4,0.0,5.4
Krāslava,1029.0,17.6,3.0,20.0,7.9,0.0,39.5,14.1,0.0,29.2,0.0,5.1
Krāslava,1028.9,18.4,3.2,20.0,8.1,0.0,39.4,15.0,0.0,14.1,0.0,4.3
Krāslava,1028.8,18.6,3.3,29.2,8.2,0.0,39.5,15.1,0.0,2.8,0.0,3.2
Krāslava,1028.5,18.6,3.4,25.6,8.0,0.0,39.8,15.1,0.0,1.1,0.0,2.0
Krāslava,1028.4,18.4,3.5,20.0,7.9,0.0,40.0,14.8,0.0,12.6,0.0,1.1
Krāslava,1028.4,16.8,3.4,20.8,7.4,0.0,41.6,13.1,0.0,39.7,0.0,0.5
Krāslava,1028.6,15.5,3.1,20.0,6.9,0.0,44.5,11.9,0.0,26.7,0.0,0.2
Krāslava,1029.0,13.9,2.2,10.0,6.1,0.0,50.6,11.0,0.0,7.0,0.0,0.0
Kuldīga,1029.8,4.9,1.2,277.8,2.1,0.0,85.0,2.8,0.0,40.0,0.0,0.0
Kuldīga,1030.2,4.1,1.0,286.4,2.1,0.0,86.5,1.8,0.0,40.0,0.0,0.0
Kuldīga,1030.6,3.5,1.1,307.8,1.9,0.0,88.2,1.0,0.0,40.0,0.0,0.0
Kuldīga,1030.7,3.0,1.1,302.7,2.0,0.0,90.0,0.5,0.0,40.0,0.0,0.0
Kuldīga,1031.0,2.3,0.9,266.5,1.9,0.0,91.5,-0.1,0.0,39.5,0.3,0.0
Kuldīga,1031.2,2.1,0.9,292.3,1.5,0.0,92.9,-0.4,0.0,40.0,0.6,0.0
Kuldīga,1031.3,2.0,1.1,267.8,1.7,0.0,93.6,-0.5,0.0,40.0,0.9,0.1
Kuldīga,1031.8,4.1,0.8,86.7,1.9,0.0,87.2,1.9,0.0,40.0,0.6,0.3
Kuldīga,1032.0,6.8,1.3,70.8,3.1,0.0,78.0,4.8,0.0,40.0,0.3,0.8
Kuldīga,1031.9,9.7,1.7,80.0,4.5,0.0,68.0,9.0,0.0,40.0,0.0,1.6
Kuldīga,1031.8,11.6,1.8,84.0,5.2,0.0,55.8,8.9,0.0,33.1,0.0,2.6
Kuldīga,1031.8,13.1,1.9,80.0,5.6,0.0,48.6,10.2,0.0,39.6,0.0,3.7
Kuldīga,1031.9,14.4,2.0,80.0,6.0,0.0,44.6,11.4,0.0,40.0,0.0,4.5
Kuldīga,1031.7,15.4,2.2,71.8,6.4,0.0,42.5,12.3,0.0,40.0,0.0,5.0
Kuldīga,1031.4,16.2,2.4,70.0,6.9,0.0,40.7,13.0,0.0,33.9,0.0,4.9
Kuldīga,1031.1,17.7,2.8,68.2,7.4,0.0,38.8,14.3,0.0,19.7,0.0,4.4
Kuldīga,1031.0,17.6,3.3,60.0,8.1,0.0,38.0,13.8,0.0,8.0,0.0,3.4
Kuldīga,1031.0,17.3,3.5,60.0,8.3,0.0,37.5,13.3,0.0,2.3,0.0,2.3
Kuldīga,1031.0,16.7,3.7,60.0,8.3,0.0,36.8,12.4,0.0,0.6,0.0,1.4
Kuldīga,1031.0,15.8,3.5,64.0,8.0,0.0,38.0,11.6,0.0,0.1,0.0,0.6
Kuldīga,1030.9,14.6,3.1,56.7,7.3,0.0,41.9,10.7,0.0,1.4,0.0,0.2
Kuldīga,1031.1,12.1,2.0,46.7,6.2,0.0,50.3,9.0,0.0,3.5,0.0,0.1
Kuldīga,1031.5,9.7,1.6,44.0,4.0,0.0,57.6,9.2,0.0,39.2,0.0,0.0
Kuldīga,1031.7,8.0,1.3,351.1,2.8,0.0,65.4,5.9,0.0,40.0,0.0,0.0
Limbaži,1029.1,5.3,1.6,336.3,1.6,0.0,81.4,4.0,0.0,40.0,0.0,0.0
Limbaži,1029.4,4.5,1.4,356.3,1.4,0.0,84.4,2.8,0.0,40.0,0.0,0.0
Limbaži,1029.8,3.8,1.4,359.0,1.4,0.0,87.0,1.9,0.0,40.0,0.0,0.0
Limbaži,1030.1,3.3,1.5,4.2,1.5,0.0,88.5,1.4,0.0,40.0,0.0,0.0
Limbaži,1030.5,3.1,1.8,16.3,1.9,0.0,87.9,1.4,0.0,40.0,0.0,0.0
Limbaži,1030.9,2.7,1.5,21.9,1.5,0.0,88.6,0.7,0.0,39.9,0.0,0.0
Limbaži,1031.3,2.6,1.4,21.9,1.4,0.0,89.2,0.5,0.0,31.1,0.0,0.1
Limbaži,1031.6,4.8,1.5,22.7,1.5,0.0,81.0,3.1,0.0,13.0,0.0,0.4
Limbaži,1031.7,7.3,1.9,26.3,2.5,0.0,71.0,6.1,0.0,1.5,0.0,1.0
Limbaži,1031.6,9.8,1.6,40.0,2.9,0.0,61.5,9.3,0.0,0.2,0.0,1.8
Limbaži,1031.6,12.3,1.6,26.3,3.7,0.0,54.6,9.8,0.0,0.6,0.0,2.9
Limbaži,1031.6,13.8,1.5,26.3,3.4,0.0,49.8,11.3,0.0,8.0,0.0,3.9
Limbaži,1031.6,14.4,1.5,20.0,2.6,0.0,45.8,11.8,0.0,30.5,0.0,4.7
Limbaži,1031.5,16.0,1.6,360.0,2.4,0.0,43.1,13.4,0.0,11.1,0.0,5.1
Limbaži,1031.2,16.9,1.8,350.7,3.4,0.0,41.1,14.2,0.0,0.8,0.0,4.9
Limbaži,1030.9,17.7,2.1,351.5,4.0,0.0,40.3,14.9,0.0,0.0,0.0,4.2
Limbaži,1030.7,17.8,2.4,351.4,4.8,0.0,40.4,14.9,0.0,0.2,0.0,3.2
Limbaži,1030.8,17.6,3.0,348.7,6.2,0.0,42.3,14.4,0.0,0.0,0.0,2.2
Limbaži,1030.7,17.4,3.1,348.0,6.0,0.0,44.2,14.1,0.0,0.0,0.0,1.2
Limbaži,1030.6,16.4,3.2,340.0,4.8,0.0,49.5,13.2,0.0,0.0,0.0,0.6
Limbaži,1030.5,14.2,2.9,350.0,4.4,0.0,55.8,11.2,0.0,0.0,0.0,0.2
Limbaži,1030.8,12.7,2.1,340.0,3.8,0.0,64.2,10.3,0.0,0.0,0.0,0.0
Limbaži,1031.2,10.5,1.7,340.0,2.9,0.0,72.6,8.3,0.0,0.0,0.0,0.0
Limbaži,1031.4,8.8,1.6,356.3,2.4,0.0,81.0,8.0,0.0,0.0,0.0,0.0
Saldus,1029.7,6.0,1.0,120.6,1.8,0.0,76.0,3.6,0.0,40.0,0.0,0.0
Saldus,1030.0,4.9,1.0,103.5,1.4,0.0,81.6,2.6,0.0,40.0,0.0,0.0
Saldus,1030.3,4.1,1.3,58.5,1.7,0.0,85.3,2.0,0.0,40.0,0.0,0.0
Saldus,1030.6,3.4,1.3,45.7,2.0,0.0,86.5,1.2,0.0,40.0,0.0,0.0
Saldus,1030.8,3.0,1.3,33.3,1.9,0.0,86.7,0.7,0.0,40.0,0.0,0.0
Saldus,1030.9,2.6,1.3,29.8,2.0,0.0,88.0,0.2,0.0,40.0,0.0,0.0
Saldus,1031.1,2.6,1.4,49.0,2.1,0.0,88.3,0.3,0.0,40.0,0.0,0.1
Saldus,1031.6,4.8,1.6,49.2,3.0,0.0,80.5,3.5,0.0,40.0,0.0,0.3
Saldus,1031.7,7.5,2.0,60.0,4.1,0.0,71.2,6.3,0.0,39.3,0.0,0.8
Saldus,1031.5,10.3,2.5,70.0,5.7,0.0,63.6,7.8,0.0,39.8,0.0,1.6
Saldus,1031.5,11.9,2.3,69.5,6.1,0.0,52.9,8.7,0.0,39.7,0.0,2.6
Saldus,1031.5,13.2,2.6,69.2,6.6,0.0,47.4,9.7,0.0,40.0,0.0,3.7
Saldus,1031.5,14.3,2.7,60.0,6.9,0.0,42.6,10.7,0.0,40.0,0.0,4.5
Saldus,1031.4,15.2,3.1,60.0,7.7,0.0,39.0,11.3,0.0,40.0,0.0,4.9
Saldus,1031.3,15.8,3.5,53.0,8.2,0.0,37.2,11.6,0.0,40.0,0.0,4.8
Saldus,1031.2,16.2,3.6,53.0,8.5,0.0,35.6,11.8,0.0,39.9,0.0,4.3
Saldus,1031.0,16.4,3.7,50.0,8.5,0.0,33.8,11.9,0.0,31.4,0.0,3.3
Saldus,1030.9,16.2,3.7,50.0,8.5,0.0,33.1,11.6,0.0,29.1,0.0,2.3
Saldus,1030.9,15.5,3.7,50.0,8.3,0.0,33.1,10.8,0.0,39.8,0.0,1.3
Saldus,1030.8,14.6,3.5,49.2,7.7,0.0,35.1,10.1,0.0,37.8,0.0,0.6
Saldus,1030.6,13.9,3.1,49.5,7.0,0.0,37.3,9.6,0.0,22.0,0.0,0.2
Saldus,1030.8,12.3,2.5,46.4,5.8,0.0,42.1,8.5,0.0,40.0,0.0,0.0
Saldus,1031.2,10.6,2.3,50.0,4.7,0.0,49.0,7.1,0.0,40.0,0.3,0.0
Saldus,1031.5,9.3,2.3,52.8,4.1,0.0,55.5,8.2,0.0,40.0,0.7,0.0
Madona,1028.2,7.6,2.4,320.0,4.1,0.0,59.7,6.0,0.0,40.0,0.0,0.0
Madona,1028.7,7.1,2.6,330.0,4.6,0.0,63.4,5.3,0.0,40.0,0.0,0.0
Madona,1029.0,6.6,2.6,330.1,4.6,0.0,65.4,4.7,0.0,40.0,0.0,0.0
Madona,1029.2,6.0,2.6,340.9,4.6,0.0,68.4,4.0,0.0,40.0,0.0,0.0
Ludza,1027.3,9.0,2.5,320.0,4.7,0.0,58.7,7.6,0.0,40.0,0.0,0.0
Ludza,1027.7,7.6,2.4,320.0,4.3,0.0,63.7,6.0,0.0,37.7,0.0,0.0
Ludza,1028.1,7.4,2.4,330.0,3.7,0.0,67.1,5.8,0.0,40.0,0.0,0.0
Ludza,1028.3,7.0,2.4,338.8,3.6,0.0,69.1,5.3,0.0,40.0,0.0,0.0
Ludza,1028.6,6.8,2.4,349.9,3.7,0.0,70.1,5.1,0.0,40.0,0.0,0.0
Ludza,1029.1,6.7,2.4,9.9,3.9,0.0,71.8,4.9,0.0,40.0,0.0,0.0
Ludza,1029.5,6.7,2.1,10.0,3.6,0.0,73.9,5.3,0.0,40.0,0.0,0.2
Ludza,1029.8,7.6,2.4,30.0,4.1,0.0,70.2,6.0,0.0,16.1,0.1,0.5
Ludza,1030.0,9.1,2.6,50.0,3.7,0.0,64.9,7.7,0.0,7.5,0.1,1.1
Ludza,1030.2,11.3,2.8,40.0,4.3,0.0,59.6,7.9,0.0,9.9,0.2,2.1
Ludza,1030.2,13.5,2.9,30.0,4.9,0.0,55.0,10.3,0.0,17.6,0.1,3.2
Ludza,1030.0,14.8,2.9,28.8,5.6,0.0,49.8,11.5,0.0,10.9,0.1,4.2
Ludza,1029.9,15.9,2.9,20.0,6.0,0.0,46.0,12.6,0.0,3.0,0.0,4.9
Ludza,1029.6,16.8,3.2,10.0,6.5,0.0,44.0,13.4,0.0,1.9,0.0,5.1
Ludza,1029.4,17.6,3.4,10.0,7.0,0.0,42.2,14.0,0.0,3.0,0.0,4.8
Ludza,1029.3,18.2,3.5,19.9,7.2,0.0,40.4,14.5,0.0,1.4,0.0,3.7
Ludza,1029.2,18.5,3.6,20.0,7.6,0.0,38.9,14.7,0.0,1.0,0.0,3.0
Ludza,1029.0,18.3,4.0,10.0,8.1,0.0,36.8,14.0,0.0,2.7,0.0,1.9
Ludza,1028.9,18.0,3.8,19.9,8.1,0.0,36.6,13.9,0.0,17.8,0.0,1.1
Ludza,1028.9,17.3,3.6,20.0,7.9,0.0,39.2,13.3,0.0,13.5,0.0,0.5
Ludza,1029.1,15.4,3.3,20.0,7.1,0.0,43.8,11.6,0.0,3.5,0.0,0.2
Ludza,1029.5,13.8,2.4,20.0,6.0,0.0,51.0,10.8,0.0,0.7,0.0,0.0
Ludza,1029.8,11.7,2.2,19.9,4.4,0.0,59.4,8.9,0.0,0.0,0.0,0.0
Ludza,1030.0,10.3,2.3,11.2,4.0,0.0,66.9,7.4,0.0,0.0,0.0,0.0
Talsi,1029.8,4.1,1.2,49.6,2.0,0.0,82.0,1.4,0.0,36.1,0.0,0.0
Talsi,1030.1,2.7,1.2,25.3,2.2,0.0,86.2,-0.0,0.0,38.0,0.0,0.0
Talsi,1030.5,2.4,0.9,65.1,2.0,0.0,88.2,-0.1,0.0,39.7,0.0,0.0
Talsi,1030.8,1.6,1.0,115.3,1.7,0.0,89.6,-1.1,0.0,38.8,0.0,0.0
Talsi,1031.0,1.4,0.9,101.5,1.7,0.0,90.5,-1.2,0.0,26.5,0.1,0.0
Talsi,1031.1,1.2,0.8,57.2,1.6,0.0,92.2,-1.3,0.0,20.1,0.2,0.0
Talsi,1031.4,1.7,1.1,82.9,1.8,0.0,93.0,-1.0,0.0,23.7,0.4,0.1
Talsi,1031.8,4.3,1.5,62.5,2.7,0.0,87.2,2.8,0.0,19.9,0.4,0.4
Talsi,1031.9,7.7,1.8,57.9,3.8,0.0,77.5,6.7,0.0,20.5,0.4,0.9
Talsi,1031.9,10.5,2.4,80.0,5.7,0.0,63.7,7.5,0.0,30.4,0.4,1.7
Talsi,1032.0,11.6,2.4,70.4,6.0,0.0,58.4,8.6,0.0,40.0,0.4,2.7
Talsi,1032.1,12.9,2.5,62.5,6.5,0.0,51.5,9.6,0.0,40.0,0.4,3.8
Talsi,1032.2,13.9,3.0,50.0,7.5,0.0,43.7,10.1,0.0,36.3,0.4,4.6
Talsi,1032.3,15.2,3.6,48.8,8.5,0.0,41.2,11.0,0.0,26.5,0.4,5.1
Talsi,1032.2,15.4,3.8,48.8,9.0,0.0,39.9,11.0,0.0,10.4,0.5,5.0
Talsi,1032.1,15.5,3.9,50.0,9.1,0.0,39.2,11.1,0.0,1.3,0.6,4.3
Talsi,1032.0,15.6,3.8,50.0,9.0,0.0,38.1,11.2,0.0,0.1,0.4,3.4
Talsi,1031.7,15.6,3.9,50.0,8.8,0.0,38.1,11.1,0.0,0.0,0.3,2.3
Talsi,1031.7,15.1,3.9,50.0,8.9,0.0,40.1,10.6,0.0,0.0,0.2,1.3
Preiļi,1027.8,7.3,1.6,327.9,3.2,0.0,62.8,6.4,0.0,40.0,0.0,0.0
Preiļi,1028.3,6.6,1.6,328.6,2.8,0.0,67.5,5.6,0.0,40.0,0.0,0.0
Preiļi,1028.7,6.1,1.6,328.6,2.7,0.0,69.7,5.1,0.0,40.0,0.0,0.0
Preiļi,1028.8,5.5,1.4,327.9,2.5,0.0,72.3,4.7,0.0,40.0,0.0,0.0
Preiļi,1029.0,5.1,1.4,335.7,2.2,0.0,75.9,4.2,0.0,40.0,0.0,0.0
Preiļi,1029.3,4.7,1.6,347.9,2.5,0.0,79.1,3.5,0.0,40.0,0.0,0.0
Preiļi,1029.6,5.1,1.9,11.5,3.1,0.0,78.4,3.6,0.0,40.0,0.0,0.1
Preiļi,1030.0,6.5,2.5,28.6,4.5,0.0,72.7,4.7,0.0,38.8,0.0,0.5
Preiļi,1030.0,8.6,2.7,40.0,4.9,0.0,66.6,7.0,0.0,19.1,0.0,1.1
Preiļi,1030.2,11.0,2.9,50.0,5.7,0.0,61.8,7.7,0.0,14.2,0.0,2.0
Preiļi,1030.2,13.4,2.7,40.0,6.0,0.0,57.2,10.3,0.0,19.6,0.0,3.1
Preiļi,1030.1,14.0,2.7,30.0,6.4,0.0,50.5,10.7,0.0,31.8,0.0,4.2
Preiļi,1030.0,15.8,2.7,30.0,6.6,0.0,47.2,12.6,0.0,17.2,0.0,4.9
Preiļi,1029.9,16.6,2.8,30.0,6.9,0.0,45.9,13.5,0.0,4.8,0.0,5.2
Preiļi,1029.6,17.5,2.7,20.0,6.9,0.0,44.8,14.5,0.0,12.4,0.0,4.9
Preiļi,1029.5,18.1,2.9,20.0,7.1,0.0,43.9,15.1,0.0,19.1,0.0,4.2
Preiļi,1029.3,18.4,2.9,20.0,7.1,0.0,43.2,15.4,0.0,5.4,0.0,3.2
Preiļi,1029.0,18.5,3.0,30.0,7.1,0.0,42.5,15.4,0.0,5.9,0.0,2.1
Preiļi,1028.9,18.4,3.0,40.0,6.9,0.0,42.2,15.3,0.0,13.2,0.0,1.1
Preiļi,1028.8,17.7,2.7,40.0,6.4,0.0,44.1,14.8,0.0,15.4,0.0,0.5
Preiļi,1029.0,15.5,2.0,60.0,5.2,0.0,52.5,13.2,0.0,16.8,0.0,0.2
Preiļi,1029.4,13.4,1.8,70.0,3.7,0.0,62.5,11.3,0.0,39.5,0.0,0.0
Preiļi,1029.7,11.2,2.1,59.2,3.6,0.0,67.5,8.6,0.0,34.5,0.0,0.0
Preiļi,1030.0,9.4,1.9,40.0,3.6,0.0,73.6,8.6,0.0,8.2,0.0,0.0
Ogre,1029.1,7.1,1.6,319.2,3.1,0.0,74.4,6.2,0.0,40.0,0.0,0.0
Ogre,1029.5,6.4,1.3,322.4,3.0,0.0,80.2,4.9,0.0,40.0,0.0,0.0
Ogre,1029.8,5.9,1.2,331.4,2.4,0.0,84.9,3.7,0.0,40.0,0.0,0.0
Ogre,1029.9,5.4,1.2,326.6,2.3,0.0,87.7,3.2,0.0,40.0,0.0,0.0
Ogre,1030.1,5.0,1.3,348.2,2.5,0.0,87.6,3.4,0.0,40.0,0.0,0.0
Ogre,1030.5,4.1,1.4,9.2,2.7,0.0,85.7,2.8,0.0,38.7,0.0,0.0
Ogre,1030.8,4.1,1.5,20.0,3.0,0.0,84.1,2.9,0.0,19.3,0.0,0.1
Ogre,1031.2,6.0,1.8,29.2,3.8,0.0,75.6,4.6,0.0,15.2,0.0,0.4
Ogre,1031.3,8.1,1.9,34.4,4.4,0.0,66.8,7.1,0.0,11.1,0.0,0.9
Ogre,1031.3,10.7,1.8,34.4,4.8,0.0,59.7,8.0,0.0,14.6,0.0,1.8
Ogre,1031.2,13.1,1.8,34.4,5.4,0.0,52.3,10.5,0.0,26.1,0.0,2.8
Ogre,1031.2,13.8,1.8,24.4,5.8,0.0,46.8,10.9,0.0,34.4,0.0,3.8
Ogre,1031.1,15.4,1.9,12.7,6.2,0.0,42.8,12.5,0.0,29.5,0.0,4.7
Ogre,1031.0,17.0,2.0,14.4,6.5,0.0,40.6,14.1,0.0,23.5,0.0,5.0
Ogre,1030.8,17.9,2.1,12.7,6.7,0.0,39.0,15.0,0.0,23.5,0.0,4.9
Ogre,1030.5,17.9,2.2,5.2,6.8,0.0,37.6,14.8,0.0,35.2,0.0,4.2
Ogre,1030.2,17.9,2.8,350.3,7.7,0.0,39.5,14.6,0.0,38.0,0.0,3.2
Ogre,1030.3,18.1,3.4,337.6,8.8,0.0,43.0,14.6,0.0,21.0,0.0,2.2
Ogre,1030.2,17.5,3.6,337.6,8.6,0.0,45.4,14.0,0.0,15.2,0.0,1.2
Ogre,1030.1,16.6,3.4,337.6,8.2,0.0,48.1,13.2,0.0,5.8,0.0,0.6
Ogre,1030.0,14.7,3.1,340.0,7.7,0.0,51.7,11.4,0.0,0.1,0.0,0.2
Ogre,1030.2,13.3,2.5,338.3,6.7,0.0,57.0,10.5,0.0,0.1,0.0,0.0
Ogre,1030.6,11.7,2.1,341.4,5.2,0.0,66.3,9.3,0.0,6.4,0.0,0.0
Ogre,1030.8,10.3,1.7,351.4,4.2,0.0,75.3,8.3,0.0,34.2,0.0,0.0
Alūksne,1030.0,16.3,3.2,39.6,7.0,0.0,42.1,12.6,0.0,0.0,0.0,0.5
Alūksne,1030.1,14.2,2.8,40.0,6.4,0.0,46.9,10.7,0.0,0.0,0.0,0.2
Alūksne,1030.3,12.8,1.9,41.7,5.3,0.0,54.0,10.0,0.0,0.0,0.0,0.0
Alūksne,1030.6,10.9,1.9,29.4,3.8,0.0,61.5,8.3,0.0,0.0,0.0,0.0
Alūksne,1031.0,9.8,2.2,21.3,4.0,0.0,65.4,8.5,0.0,0.0,0.0,0.0
Bauska,1030.8,16.5,2.6,26.5,7.0,0.0,36.6,12.9,0.0,40.0,0.0,5.0
Bauska,1030.6,17.2,2.8,22.2,7.2,0.0,36.1,13.6,0.0,40.0,0.0,4.8
Bauska,1030.3,17.8,2.8,21.4,7.3,0.0,35.8,14.2,0.0,40.0,0.0,4.1
Bauska,1030.0,18.0,3.0,23.2,7.2,0.0,36.2,14.4,0.0,40.0,0.0,3.2
Bauska,1029.9,18.1,3.2,18.9,7.4,0.0,37.1,14.4,0.0,40.0,0.0,2.1
Bauska,1029.9,17.2,4.4,3.5,8.8,0.0,43.3,13.0,0.0,40.0,0.0,1.2
Bauska,1030.0,16.1,4.4,360.0,9.0,0.0,46.4,11.9,0.0,40.0,0.0,0.6
Bauska,1029.9,14.9,4.3,360.0,8.3,0.0,48.4,10.6,0.0,40.0,0.0,0.2
Bauska,1030.1,13.5,3.7,360.0,7.9,0.0,50.6,9.5,0.0,32.3,0.0,0.0
Bauska,1030.4,11.8,2.8,360.0,6.5,0.0,55.3,8.4,0.0,21.4,0.0,0.0
Bauska,1030.6,10.2,2.4,354.3,4.9,0.0,61.8,7.1,0.0,8.7,0.0,0.0
Krāslava,1029.3,12.0,2.2,20.0,4.6,0.0,55.3,9.0,0.0,1.2,0.0,0.0
Krāslava,1029.5,10.8,2.4,29.7,4.5,0.0,60.5,7.7,0.0,0.5,0.0,0.0
Madona,1029.5,5.7,2.4,350.9,4.6,0.0,71.2,3.8,0.0,40.0,0.0,0.0
Madona,1029.9,5.3,2.3,360.0,4.6,0.0,74.0,3.5,0.0,40.0,0.0,0.0
Madona,1030.2,5.0,2.4,10.0,4.7,0.0,75.3,3.0,0.0,25.8,0.0,0.1
Madona,1030.6,6.5,2.4,10.9,4.8,0.0,70.3,4.8,0.0,32.1,0.0,0.5
Madona,1030.8,8.1,2.2,30.0,4.9,0.0,64.9,6.8,0.0,38.2,0.0,1.0
Madona,1030.8,10.5,2.2,49.1,5.2,0.0,60.1,7.4,0.0,24.8,0.0,1.9
Madona,1030.7,12.6,2.0,59.1,5.3,0.0,55.3,9.9,0.0,19.7,0.0,3.0
Madona,1030.7,14.0,1.9,49.1,5.5,0.0,50.1,11.3,0.0,13.6,0.0,4.0
Madona,1030.6,15.3,1.9,38.3,5.6,0.0,46.4,12.6,0.0,6.9,0.0,4.8
Madona,1030.4,16.3,2.0,29.1,5.8,0.0,44.2,13.6,0.0,9.8,0.0,5.1
Madona,1030.1,17.2,2.0,29.1,6.0,0.0,42.6,14.6,0.0,19.7,0.0,4.9
Madona,1029.9,18.0,2.2,20.9,6.4,0.0,40.7,15.2,0.0,12.8,0.0,4.1
Madona,1029.6,18.2,2.3,22.4,6.5,0.0,39.9,15.4,0.0,4.3,0.0,3.1
Madona,1029.5,18.5,2.5,30.0,6.5,0.0,39.0,15.5,0.0,1.1,0.0,2.0
Madona,1029.3,18.2,2.6,29.9,6.5,0.0,39.0,15.1,0.0,0.1,0.0,1.1
Madona,1029.2,17.5,2.6,39.1,6.1,0.0,40.9,14.4,0.0,0.3,0.0,0.5
Madona,1029.3,15.4,2.0,39.1,5.8,0.0,47.8,12.8,0.0,0.0,0.0,0.2
Madona,1029.9,13.7,2.2,60.0,4.8,0.0,55.6,11.1,0.0,0.0,0.0,0.0
Madona,1030.3,11.6,1.9,58.3,4.7,0.0,58.2,9.0,0.0,0.0,0.0,0.0
Madona,1030.7,10.1,1.9,46.7,3.5,0.0,60.4,7.4,0.0,0.0,0.0,0.0
Talsi,1031.6,14.3,3.5,52.5,8.1,0.0,43.4,10.2,0.0,0.0,0.2,0.6
Talsi,1031.3,12.6,2.8,50.0,7.1,0.0,49.5,8.9,0.0,0.0,0.2,0.2
Talsi,1031.4,11.2,2.2,31.2,5.6,0.0,59.2,8.3,0.0,0.0,0.2,0.1
Talsi,1031.7,8.9,1.9,54.0,4.2,0.0,68.4,7.9,0.0,0.6,0.1,0.0
Talsi,1031.9,7.2,1.9,52.8,3.5,0.0,77.1,6.0,0.0,26.2,0.1,0.0
Saulkrasti,1029.1,8.9,2.9,340.7,2.9,0.0,76.4,6.9,0.0,40.0,0.0,0.0
Saulkrasti,1029.4,8.2,2.1,49.0,2.2,0.0,78.2,7.0,0.0,40.0,0.0,0.0
Saulkrasti,1029.8,7.2,1.9,46.8,2.0,0.0,78.9,6.1,0.0,40.0,0.0,0.0
Saulkrasti,1030.1,6.4,1.7,57.8,1.7,0.0,81.9,5.3,0.0,40.0,0.0,0.0
Saulkrasti,1030.4,5.9,2.1,32.2,2.1,0.0,82.4,4.4,0.0,40.0,0.0,0.0
Saulkrasti,1030.8,5.7,2.9,40.0,2.9,0.0,80.2,3.4,0.0,40.0,0.0,0.0
Saulkrasti,1031.2,5.5,2.7,40.0,2.8,0.0,80.7,3.3,0.0,40.0,0.0,0.1
Saulkrasti,1031.5,6.0,2.8,40.0,3.1,0.0,75.6,3.9,0.0,37.3,0.0,0.4
Saulkrasti,1031.6,7.6,2.6,49.8,3.4,0.0,69.9,5.9,0.0,33.1,0.0,1.0
Saulkrasti,1031.6,9.6,2.0,40.0,3.4,0.0,62.4,8.8,0.0,38.9,0.0,1.8
Saulkrasti,1031.6,11.7,2.2,21.3,3.6,0.0,56.2,8.7,0.0,24.2,0.0,2.8
Saulkrasti,1031.6,12.5,3.4,7.7,4.8,0.0,56.4,8.8,0.0,12.9,0.0,3.9
Saulkrasti,1031.7,13.0,4.4,322.2,5.6,0.0,57.9,8.8,0.0,19.7,0.0,4.7
Saulkrasti,1031.8,13.3,5.3,324.4,6.7,0.0,56.9,8.4,0.0,12.7,0.0,5.1
Saulkrasti,1031.8,13.5,6.0,332.2,8.1,0.0,56.3,8.2,0.0,3.9,0.0,4.9
Saulkrasti,1031.6,13.7,6.1,332.2,8.6,0.0,57.3,8.4,0.0,0.6,0.0,4.3
Saulkrasti,1031.4,13.7,5.8,332.2,8.7,0.0,59.9,8.8,0.0,0.0,0.0,3.3
Saulkrasti,1031.3,14.0,5.4,331.5,8.8,0.0,62.7,9.6,0.0,0.0,0.0,2.2
Saulkrasti,1031.1,14.1,5.4,332.2,7.9,0.0,63.5,9.7,0.0,0.0,0.0,1.3
Saulkrasti,1030.8,13.8,5.6,334.4,7.2,0.0,65.7,9.3,0.0,0.0,0.0,0.6
Saulkrasti,1030.6,12.4,5.0,342.2,6.7,0.0,69.6,8.2,0.0,0.0,0.0,0.2
Saulkrasti,1030.8,11.9,4.1,344.4,6.0,0.0,72.2,8.3,0.0,0.0,0.0,0.0
Saulkrasti,1031.1,11.1,3.5,352.2,5.1,0.0,75.0,7.9,0.0,0.0,0.0,0.0
Saulkrasti,1031.2,10.2,2.9,12.2,4.3,0.0,77.5,7.5,0.0,0.0,0.0,0.0
Līvāni,1028.1,7.7,1.8,318.6,3.3,0.0,71.6,6.7,0.0,40.0,0.0,0.0
Līvāni,1028.6,7.1,1.8,320.0,3.4,0.0,70.1,6.0,0.0,40.0,0.0,0.0
Līvāni,1029.0,6.5,1.8,318.6,3.3,0.0,70.6,5.3,0.0,40.0,0.0,0.0
Līvāni,1029.1,5.9,1.7,318.6,3.3,0.0,74.1,4.7,0.0,40.0,0.0,0.0
Līvāni,1029.2,5.4,1.7,320.0,3.1,0.0,77.5,4.1,0.0,40.0,0.0,0.0
Līvāni,1029.6,5.0,1.8,330.0,3.1,0.0,80.1,3.6,0.0,40.0,0.0,0.0
Līvāni,1029.9,5.3,1.9,348.6,3.4,0.0,79.6,3.8,0.0,40.0,0.0,0.1
Līvāni,1030.2,7.2,2.1,10.0,4.0,0.0,71.4,5.8,0.0,40.0,0.0,0.4
Līvāni,1030.4,8.7,2.2,30.0,4.7,0.0,65.0,7.4,0.0,37.1,0.0,1.0
Līvāni,1030.4,11.2,2.2,40.0,5.5,0.0,59.2,8.2,0.0,20.5,0.0,1.9
Līvāni,1030.4,13.6,2.3,50.0,6.1,0.0,54.0,10.8,0.0,19.1,0.0,3.0
Līvāni,1030.3,14.9,2.1,40.0,6.2,0.0,47.8,12.1,0.0,22.3,0.0,4.1
Līvāni,1030.2,16.1,2.2,24.1,6.5,0.0,43.3,13.2,0.0,18.3,0.0,4.9
Līvāni,1030.1,17.0,2.4,20.0,7.0,0.0,42.0,13.9,0.0,14.7,0.0,5.1
Līvāni,1029.9,17.8,2.5,29.2,7.2,0.0,40.8,14.8,0.0,23.5,0.0,4.9
Līvāni,1029.7,18.6,2.5,33.5,7.2,0.0,40.2,15.6,0.0,24.6,0.0,4.2
Līvāni,1029.4,19.0,2.5,34.1,7.1,0.0,39.4,16.1,0.0,12.4,0.0,3.2
Līvāni,1029.2,19.2,2.5,39.2,6.8,0.0,38.8,16.2,0.0,17.8,0.0,2.1
Līvāni,1029.0,18.6,2.5,40.0,6.3,0.0,38.9,15.6,0.0,31.1,0.0,1.2
Līvāni,1028.9,17.4,2.3,50.0,5.9,0.0,40.7,14.4,0.0,35.8,0.0,0.5
Līvāni,1029.0,16.3,1.8,70.0,5.1,0.0,47.0,13.9,0.0,24.3,0.0,0.2
Līvāni,1029.3,14.4,1.4,41.9,3.4,0.0,59.4,12.6,0.0,40.0,0.0,0.0
Līvāni,1029.8,12.4,2.4,39.4,4.6,0.0,66.2,9.9,0.0,23.0,0.0,0.0
Līvāni,1030.2,10.8,1.9,50.0,4.8,0.0,61.6,8.0,0.0,14.7,0.0,0.0
Tukums,1029.7,5.2,1.4,332.4,2.3,0.0,76.0,3.9,0.0,40.0,0.0,0.0
Tukums,1029.9,4.4,1.2,303.5,2.4,0.0,78.8,1.7,0.0,40.0,0.0,0.0
Tukums,1030.4,3.7,1.6,327.2,2.7,0.0,82.5,2.4,0.0,40.0,0.0,0.0
Tukums,1030.5,3.3,1.8,335.6,3.0,0.0,85.2,1.6,0.0,40.0,0.0,0.0
Tukums,1030.6,3.2,1.8,339.8,3.2,0.0,87.0,1.5,0.0,40.0,0.0,0.0
Tukums,1030.8,3.0,1.5,347.4,3.1,0.0,89.1,1.6,0.0,40.0,0.1,0.0
Tukums,1031.2,3.4,1.5,3.9,2.7,0.0,89.9,1.9,0.0,40.0,0.1,0.1
Tukums,1031.6,5.9,1.8,13.9,3.3,0.0,84.7,4.6,0.0,40.0,0.1,0.4
Tukums,1031.8,8.3,2.5,63.4,5.1,0.0,75.1,6.9,0.0,39.4,0.1,0.9
Tukums,1031.7,10.5,2.7,63.4,6.1,0.0,63.8,7.2,0.0,27.4,0.1,1.7
Tukums,1031.8,12.3,3.0,50.9,7.0,0.0,55.5,8.8,0.0,24.1,0.1,2.7
Tukums,1032.0,12.3,3.3,43.4,7.6,0.0,50.4,8.4,0.0,39.5,0.1,3.8
Tukums,1032.1,13.1,3.5,40.0,8.2,0.0,45.9,8.9,0.0,40.0,0.1,4.6
Tukums,1032.2,13.6,3.8,33.4,8.7,0.0,42.0,9.1,0.0,37.8,0.1,5.0
Tukums,1032.1,14.7,4.0,33.4,9.1,0.0,39.3,10.1,0.0,13.7,0.1,4.9
Tukums,1032.0,14.9,3.9,33.4,9.2,0.0,39.4,10.4,0.0,9.0,0.1,4.3
Tukums,1031.8,15.0,3.7,33.4,8.8,0.0,38.4,10.6,0.0,2.6,0.1,3.3
Tukums,1031.6,15.1,3.4,33.4,8.4,0.0,36.4,10.8,0.0,0.1,0.1,2.3
Tukums,1031.4,15.0,3.2,23.4,7.6,0.0,35.4,10.7,0.0,0.0,0.0,1.3
Valka,1028.4,7.1,2.0,308.6,4.3,0.0,61.1,5.8,0.0,40.0,0.0,0.0
Valka,1029.0,6.2,2.0,327.7,3.7,0.0,67.8,4.7,0.0,40.0,0.0,0.0
Valka,1029.4,5.5,1.9,338.6,3.7,0.0,73.6,4.1,0.0,40.0,0.0,0.0
Valka,1029.6,4.8,1.7,338.2,3.4,0.0,78.4,3.4,0.0,40.0,0.0,0.0
Valka,1030.1,4.3,1.7,343.8,3.2,0.0,80.9,2.8,0.0,39.9,0.0,0.0
Valka,1030.5,3.4,1.4,343.8,3.1,0.0,82.6,2.0,0.0,25.5,0.0,0.0
Valka,1030.8,3.6,1.3,303.8,2.5,0.0,83.6,0.9,0.0,16.4,0.0,0.2
Valka,1031.1,5.6,1.5,318.6,3.2,0.0,75.1,4.6,0.0,1.5,0.0,0.5
Valka,1031.2,7.9,1.5,4.3,3.9,0.0,67.0,7.2,0.0,0.0,0.0,1.0
Valka,1031.2,10.6,1.0,17.0,3.9,0.0,59.1,8.4,0.0,0.0,0.0,1.9
Valka,1031.2,13.4,1.0,26.1,4.3,0.0,52.8,11.4,0.0,0.0,0.0,3.0
Valka,1031.2,14.9,1.2,27.0,4.9,0.0,48.3,12.7,0.0,0.0,0.0,3.9
Valka,1031.1,16.1,1.4,20.5,5.4,0.0,43.3,13.8,0.0,0.0,0.1,4.5
Valka,1030.9,17.1,1.6,360.0,5.9,0.0,40.0,14.6,0.0,0.0,0.0,4.7
Valka,1030.7,18.2,2.1,350.0,6.6,0.0,37.6,15.3,0.0,0.0,0.0,4.3
Valka,1030.4,18.7,2.5,350.0,7.2,0.0,34.6,15.4,0.0,0.0,0.0,4.0
Valka,1030.3,18.9,2.7,353.4,7.3,0.0,32.7,15.3,0.0,0.0,0.0,3.0
Valka,1030.2,18.9,2.6,359.1,7.3,0.0,33.5,15.5,0.0,0.0,0.0,1.9
Valka,1030.1,18.8,2.6,360.0,6.9,0.0,35.7,15.4,0.0,1.2,0.0,1.1
Valka,1030.0,18.1,2.7,9.1,6.5,0.0,38.2,14.8,0.0,0.3,0.0,0.5
Valka,1029.9,16.1,2.3,10.0,5.8,0.0,42.5,13.0,0.0,0.0,0.0,0.2
Valka,1030.2,14.3,1.3,1.4,4.5,0.0,53.5,12.3,0.0,1.0,0.0,0.0
Valka,1030.9,12.3,2.0,70.0,4.1,0.0,59.7,9.7,0.0,0.0,0.0,0.0
Valka,1031.3,10.6,1.9,54.3,3.8,0.0,62.2,7.9,0.0,0.0,0.0,0.0
Sigulda,1029.1,5.4,1.0,259.0,1.0,0.0,82.1,3.1,0.0,40.0,0.0,0.0
Sigulda,1029.4,4.6,0.8,296.7,0.8,0.0,85.3,2.4,0.0,40.0,0.0,0.0
Sigulda,1029.8,4.1,0.9,17.9,0.9,0.0,86.6,1.8,0.0,40.0,0.0,0.0
Sigulda,1030.0,3.7,1.0,48.1,1.2,0.0,87.2,1.2,0.0,40.0,0.0,0.0
Sigulda,1030.3,3.2,1.1,19.5,1.2,0.0,88.3,0.7,0.0,40.0,0.0,0.0
Sigulda,1030.7,3.0,1.4,28.0,1.5,0.0,88.7,1.8,0.0,40.0,0.0,0.0
Sigulda,1031.0,3.4,1.7,29.9,2.2,0.0,87.6,1.9,0.0,40.0,0.0,0.1
Sigulda,1031.4,5.6,2.0,28.5,3.2,0.0,78.5,4.0,0.0,40.0,0.0,0.4
Sigulda,1031.5,7.3,2.1,30.0,4.0,0.0,69.4,5.9,0.0,27.9,0.0,1.0
Sigulda,1031.4,9.8,1.8,38.5,4.2,0.0,61.9,9.1,0.0,10.9,0.0,1.8
Sigulda,1031.4,12.3,1.8,28.5,4.7,0.0,54.9,9.6,0.0,5.1,0.0,2.9
Sigulda,1031.3,13.8,1.7,19.9,4.7,0.0,48.7,11.2,0.0,5.7,0.0,3.9
Sigulda,1031.3,15.3,1.8,18.5,4.6,0.0,44.9,12.6,0.0,13.0,0.0,4.7
Sigulda,1031.2,16.3,1.9,8.9,4.7,0.0,43.0,13.6,0.0,13.0,0.0,5.1
Sigulda,1030.9,17.2,2.0,358.5,5.2,0.0,41.3,14.4,0.0,13.5,0.0,4.9
Sigulda,1030.6,17.9,2.2,358.1,5.6,0.0,39.9,15.0,0.0,3.4,0.0,4.2
Sigulda,1030.4,18.1,2.3,359.8,5.7,0.0,39.1,15.1,0.0,0.3,0.0,3.2
Sigulda,1030.3,18.2,2.5,354.4,6.3,0.0,40.5,15.2,0.0,0.0,0.0,2.1
Sigulda,1030.2,17.9,2.9,352.7,6.3,0.0,43.6,14.8,0.0,0.0,0.0,1.2
Sigulda,1030.0,17.0,2.9,352.7,5.9,0.0,48.7,14.1,0.0,0.0,0.0,0.6
Sigulda,1030.0,15.0,2.3,356.6,5.2,0.0,54.3,12.4,0.0,0.0,0.0,0.2
Sigulda,1030.4,13.4,2.2,348.2,4.4,0.0,60.2,10.9,0.0,0.0,0.0,0.0
Sigulda,1030.9,11.3,1.8,10.0,4.0,0.0,66.4,9.0,0.0,0.0,0.0,0.0
Sigulda,1031.1,9.6,1.8,26.7,3.1,0.0,73.8,8.8,0.0,0.0,0.0,0.0
Olaine,1029.4,6.2,1.2,291.3,2.1,0.0,82.3,3.9,0.0,40.0,0.0,0.0
Olaine,1029.7,5.5,1.3,305.1,2.1,0.0,86.5,3.3,0.0,40.0,0.0,0.0
Olaine,1029.9,4.9,1.1,293.9,2.1,0.0,89.6,2.6,0.0,40.0,0.0,0.0
Olaine,1030.1,4.3,1.0,274.0,1.8,0.0,92.3,2.1,0.0,40.0,0.0,0.0
Olaine,1030.3,3.9,1.2,286.3,1.8,0.0,93.7,1.6,0.0,40.0,0.0,0.0
Olaine,1030.6,3.6,1.0,320.0,2.0,0.0,94.7,1.3,0.0,40.0,0.0,0.0
Olaine,1031.0,3.5,1.0,327.6,1.9,0.0,94.3,1.2,0.0,39.8,0.0,0.1
Olaine,1031.4,5.1,1.2,340.0,2.3,0.0,86.1,2.8,0.0,28.4,0.0,0.4
Olaine,1031.5,8.1,1.9,33.7,4.3,0.0,69.5,7.0,0.0,15.5,0.0,0.9
Olaine,1031.5,10.5,2.3,40.0,5.6,0.0,57.2,7.3,0.0,14.9,0.0,1.7
Olaine,1031.5,12.8,2.3,37.5,6.1,0.0,51.1,9.6,0.0,24.1,0.0,2.7
Olaine,1031.5,13.3,2.4,30.0,6.4,0.0,45.8,10.0,0.0,35.7,0.0,3.8
Olaine,1031.4,14.6,2.5,20.0,6.9,0.0,41.8,11.2,0.0,39.2,0.0,4.6
Olaine,1031.4,15.2,3.1,356.2,8.1,0.0,42.3,11.4,0.0,39.0,0.0,5.0
Olaine,1031.4,15.4,3.7,350.0,9.0,0.0,44.6,11.4,0.0,35.5,0.0,4.8
Olaine,1031.3,15.4,4.0,350.0,9.5,0.0,46.0,11.3,0.0,39.3,0.0,4.2
Olaine,1031.2,15.2,3.9,351.2,9.4,0.0,47.1,11.1,0.0,37.6,0.0,3.3
Olaine,1031.1,15.5,3.7,350.0,9.1,0.0,46.4,11.6,0.0,27.7,0.0,2.2
Olaine,1031.0,15.2,3.5,360.0,8.5,0.0,46.1,11.3,0.0,30.8,0.0,1.3
Olaine,1030.8,14.8,3.4,360.0,7.8,0.0,46.4,11.0,0.0,9.6,0.0,0.6
Olaine,1030.6,13.0,3.2,360.0,7.3,0.0,51.4,9.3,0.0,1.0,0.0,0.2
Olaine,1030.8,11.8,2.6,360.0,6.6,0.0,60.4,8.7,0.0,0.6,0.0,0.0
Olaine,1031.0,10.3,2.4,358.7,5.3,0.0,67.7,7.4,0.0,23.6,0.0,0.0
Olaine,1031.2,9.2,2.2,350.0,4.8,0.0,75.9,8.0,0.0,40.0,0.0,0.0
Ainaži,1029.2,9.2,4.2,346.3,4.3,0.0,65.7,6.9,0.0,0.4,0.0,0.0
Ainaži,1029.5,8.1,4.0,352.0,4.0,0.0,65.4,5.8,0.0,0.4,0.0,0.0
Ainaži,1029.9,7.1,3.4,38.7,3.9,0.0,72.2,4.8,0.0,0.4,0.0,0.0
Ainaži,1030.3,5.6,2.6,78.2,3.7,0.0,81.0,3.6,0.0,0.2,0.0,0.0
Ainaži,1030.6,4.8,2.4,69.6,3.5,0.0,83.1,2.7,0.0,0.0,0.0,0.0
Ainaži,1031.0,4.3,2.4,70.3,3.6,0.0,84.8,2.2,0.0,0.0,0.0,0.0
Ainaži,1031.3,4.5,2.3,59.6,3.6,0.0,85.9,2.4,0.0,0.0,0.0,0.1
Ainaži,1031.6,5.9,2.0,62.6,3.5,0.0,81.7,4.4,0.0,0.0,0.0,0.4
Ainaži,1031.7,7.8,2.4,39.3,3.5,0.0,70.9,6.3,0.0,0.0,0.0,1.0
Ainaži,1031.8,9.9,2.4,30.0,3.7,0.0,59.5,8.6,0.0,0.0,0.0,1.8
Ainaži,1031.9,12.0,2.7,0.7,3.9,0.0,54.2,8.6,0.0,0.0,0.0,2.8
Ainaži,1032.0,12.6,3.7,332.0,4.8,0.0,55.8,8.7,0.0,0.0,0.0,3.9
Ainaži,1032.2,13.2,4.6,330.0,5.9,0.0,53.1,8.6,0.0,0.0,0.0,4.7
Ainaži,1032.4,13.4,5.0,325.6,6.4,0.0,54.0,8.6,0.0,0.0,0.0,5.0
Ainaži,1032.3,13.7,5.3,320.0,6.8,0.0,56.0,8.9,0.0,0.0,0.0,4.8
Ainaži,1032.0,14.2,5.1,320.0,7.1,0.0,58.7,9.7,0.0,0.0,0.0,4.2
Ainaži,1031.8,14.5,4.9,320.0,7.4,0.0,58.4,10.2,0.0,0.0,0.0,3.2
Ainaži,1031.8,14.4,5.1,320.0,7.5,0.0,59.4,10.0,0.0,0.0,0.0,2.2
Ainaži,1031.7,14.2,5.2,325.6,7.6,0.0,60.5,9.8,0.0,0.0,0.0,1.3
Ainaži,1031.3,14.0,5.0,330.0,7.7,0.0,62.7,9.8,0.0,0.0,0.0,0.6
Ainaži,1031.0,12.8,4.6,339.7,7.3,0.0,66.1,8.8,0.0,0.0,0.0,0.2
Ainaži,1031.1,12.4,4.2,349.3,6.9,0.0,71.1,8.8,0.0,0.0,0.0,0.0
Ainaži,1031.4,11.9,3.9,358.6,6.3,0.0,76.5,8.6,0.0,0.0,0.0,0.0
Ainaži,1031.5,11.3,3.7,9.3,5.5,0.0,79.2,8.3,0.0,0.0,0.0,0.0
Salaspils,1029.2,6.6,1.9,333.7,2.8,0.0,78.8,5.3,0.0,40.0,0.0,0.0
Salaspils,1029.5,5.9,1.7,343.7,2.6,0.0,83.9,4.8,0.0,40.0,0.0,0.0
Salaspils,1029.8,5.3,1.5,339.9,2.4,0.0,87.1,4.3,0.0,40.0,0.0,0.0
Salaspils,1030.0,4.8,1.2,321.2,2.1,0.0,89.6,2.5,0.0,40.0,0.0,0.0
Salaspils,1030.2,4.4,1.3,331.7,2.0,0.0,90.9,2.0,0.0,40.0,0.0,0.0
Salaspils,1030.5,3.9,1.7,28.4,2.7,0.0,90.0,2.5,0.0,40.0,0.0,0.0
Salaspils,1030.9,3.7,2.0,37.2,3.3,0.0,87.7,1.7,0.0,38.0,0.0,0.1
Tukums,1031.2,14.2,3.3,30.0,7.2,0.0,40.3,10.0,0.0,0.0,0.0,0.6
Tukums,1031.1,12.4,3.0,30.9,6.8,0.0,48.3,8.5,0.0,0.0,0.0,0.2
Tukums,1031.2,11.1,2.4,30.0,5.9,0.0,55.6,7.9,0.0,0.0,0.0,0.0
Tukums,1031.5,9.5,2.2,20.0,4.8,0.0,62.0,8.4,0.0,15.8,0.0,0.0
Tukums,1031.6,8.3,2.4,16.6,4.4,0.0,67.4,6.9,0.0,40.0,0.0,0.0
Salaspils,1031.3,5.4,2.0,34.2,3.7,0.0,79.8,3.8,0.0,25.4,0.0,0.4
Salaspils,1031.4,7.4,2.3,34.2,4.7,0.0,69.9,5.9,0.0,8.8,0.0,0.9
Salaspils,1031.4,10.1,2.1,30.5,4.9,0.0,62.0,7.2,0.0,5.6,0.0,1.8
Salaspils,1031.4,12.7,2.0,30.4,5.3,0.0,55.4,10.0,0.0,11.0,0.0,2.8
Salaspils,1031.3,14.2,1.9,25.6,5.4,0.0,49.7,11.5,0.0,24.3,0.0,3.8
Salaspils,1031.3,15.6,1.9,10.0,5.5,0.0,45.4,12.9,0.0,25.7,0.0,4.6
Salaspils,1031.2,16.7,2.2,0.9,5.9,0.0,42.8,13.8,0.0,19.7,0.0,5.0
Salaspils,1031.0,17.5,2.8,353.9,7.0,0.0,43.4,14.4,0.0,15.0,0.0,4.9
Salaspils,1030.9,17.0,4.2,344.7,9.1,0.0,47.6,13.1,0.0,24.2,0.0,4.2
Salaspils,1030.8,16.6,4.3,350.0,9.3,0.0,48.8,12.7,0.0,26.7,0.0,3.2
Salaspils,1030.7,16.7,4.3,350.0,9.2,0.0,49.3,12.8,0.0,6.4,0.0,2.2
Salaspils,1030.6,16.4,4.2,350.0,8.9,0.0,49.7,12.5,0.0,4.3,0.0,1.2
Salaspils,1030.5,15.5,4.0,350.0,8.3,0.0,49.8,11.7,0.0,1.4,0.0,0.6
Salaspils,1030.3,13.7,3.7,350.0,7.6,0.0,53.2,9.9,0.0,0.0,0.0,0.2
Salaspils,1030.5,12.5,3.0,350.0,6.9,0.0,61.1,9.2,0.0,0.1,0.0,0.0
Salaspils,1030.8,10.9,2.5,350.0,5.4,0.0,72.0,8.2,0.0,7.7,0.0,0.0
Salaspils,1031.0,9.5,2.2,360.0,4.4,0.0,80.0,8.4,0.0,39.0,0.0,0.0
Smiltene,1028.6,6.6,2.2,276.9,3.9,0.0,63.9,5.0,0.0,40.0,0.0,0.0
Smiltene,1029.1,5.6,1.9,279.7,3.6,0.0,69.0,4.2,0.0,40.0,0.0,0.0
Smiltene,1029.5,4.9,1.6,286.9,3.0,0.0,73.0,3.7,0.0,40.0,0.0,0.0
Smiltene,1029.7,4.1,1.4,280.2,2.6,0.0,78.1,3.0,0.0,40.0,0.0,0.0
Smiltene,1030.1,3.6,1.2,263.6,2.3,0.0,82.4,0.9,0.0,40.0,0.0,0.0
Ādaži,1029.2,6.8,1.4,271.3,3.1,0.0,84.4,5.3,0.0,40.0,0.0,0.0
Ādaži,1029.5,6.1,1.2,226.4,2.2,0.0,88.8,4.0,0.0,40.0,0.0,0.0
Ādaži,1029.8,5.5,1.0,251.0,1.9,0.0,91.2,3.5,0.0,40.0,0.0,0.0
Ādaži,1030.1,4.9,0.9,332.3,1.7,0.0,92.7,2.9,0.0,40.0,0.0,0.0
Ādaži,1030.3,4.5,1.0,9.7,1.9,0.0,92.4,2.3,0.0,40.0,0.0,0.0
Ādaži,1030.7,4.0,1.2,31.1,2.2,0.0,92.2,1.8,0.0,40.0,0.0,0.0
Ādaži,1031.1,4.3,1.5,21.6,2.8,0.0,87.5,3.1,0.0,40.0,0.0,0.1
Ādaži,1031.5,6.4,2.0,30.5,4.1,0.0,76.3,5.0,0.0,40.0,0.0,0.4
Ādaži,1031.6,7.9,2.2,50.0,5.0,0.0,67.4,6.6,0.0,28.7,0.0,1.0
Ādaži,1031.5,10.3,1.9,40.0,5.2,0.0,60.0,7.4,0.0,14.0,0.0,1.8
Ādaži,1031.4,12.7,2.0,25.4,5.5,0.0,53.2,9.8,0.0,13.9,0.0,2.8
Ādaži,1031.5,14.0,2.2,12.4,6.3,0.0,49.1,11.0,0.0,14.3,0.0,3.8
Ādaži,1031.6,14.8,3.0,345.2,7.8,0.0,50.0,11.4,0.0,24.8,0.0,4.7
Ādaži,1031.6,14.2,3.7,340.0,9.0,0.0,51.0,10.3,0.0,35.5,0.0,5.1
Ādaži,1031.6,15.0,4.2,340.5,9.8,0.0,51.6,11.0,0.0,12.6,0.0,4.9
Ādaži,1031.5,15.0,4.3,340.5,10.1,0.0,51.4,10.9,0.0,2.0,0.0,4.2
Ādaži,1031.3,15.0,4.3,344.2,9.9,0.0,52.0,11.0,0.0,0.5,0.0,3.3
Ādaži,1031.2,15.1,4.0,344.2,9.6,0.0,52.4,11.2,0.0,0.0,0.0,2.2
Ādaži,1031.0,15.0,4.0,344.2,9.0,0.0,50.8,11.0,0.0,0.0,0.0,1.2
Ādaži,1030.8,14.3,4.0,344.2,8.6,0.0,56.9,10.6,0.0,0.0,0.0,0.6
Ādaži,1030.6,12.6,3.8,350.0,8.3,0.0,64.3,9.0,0.0,0.0,0.0,0.2
Ādaži,1030.7,11.6,3.2,350.5,7.7,0.0,71.0,8.6,0.0,0.0,0.0,0.0
Ādaži,1031.0,10.4,2.5,350.5,6.1,0.0,76.5,7.9,0.0,1.4,0.0,0.0
Ādaži,1031.2,9.3,2.2,0.5,4.7,0.0,82.7,8.2,0.0,17.1,0.0,0.0
Varakļāni,1027.8,7.2,2.1,310.0,3.4,0.0,64.3,5.8,0.0,40.0,0.0,0.0
Varakļāni,1028.3,6.6,2.1,320.2,3.4,0.0,66.7,5.1,0.0,40.0,0.0,0.0
Varakļāni,1028.7,6.0,1.9,330.0,2.9,0.0,70.2,4.5,0.0,40.0,0.0,0.0
Varakļāni,1028.8,5.3,2.0,335.4,2.7,0.0,73.2,3.7,0.0,40.0,0.0,0.0
Varakļāni,1029.1,5.0,2.0,350.9,2.9,0.0,76.3,3.3,0.0,40.0,0.0,0.0
Varakļāni,1029.5,4.7,2.1,345.4,3.0,0.0,79.2,2.9,0.0,40.0,0.0,0.0
Varakļāni,1029.9,5.2,2.2,355.4,3.2,0.0,79.6,3.4,0.0,40.0,0.0,0.2
Varakļāni,1030.2,6.5,1.9,0.2,3.4,0.0,74.9,5.2,0.0,36.6,0.0,0.5
Varakļāni,1030.4,8.7,2.4,20.0,3.6,0.0,67.8,7.3,0.0,19.3,0.0,1.1
Varakļāni,1030.5,11.1,2.4,44.6,4.1,0.0,61.0,8.0,0.0,9.8,0.0,2.0
Varakļāni,1030.5,13.3,2.4,44.9,4.4,0.0,57.2,10.5,0.0,11.8,0.0,3.1
Varakļāni,1030.4,14.5,2.3,25.1,5.0,0.0,52.3,11.8,0.0,19.5,0.0,4.1
Varakļāni,1030.3,15.8,2.6,10.2,5.5,0.0,48.7,12.8,0.0,13.7,0.0,4.9
Varakļāni,1030.2,16.7,2.9,15.4,6.1,0.0,46.1,13.5,0.0,8.2,0.0,5.1
Varakļāni,1029.9,17.5,3.0,15.4,6.5,0.0,43.8,14.3,0.0,9.8,0.0,4.9
Varakļāni,1029.7,18.3,3.1,25.1,6.7,0.0,41.7,15.1,0.0,9.0,0.0,4.1
Varakļāni,1029.5,18.7,3.0,25.1,6.8,0.0,40.1,15.4,0.0,10.8,0.0,3.1
Varakļāni,1029.3,18.8,3.1,25.4,6.8,0.0,39.1,15.4,0.0,15.9,0.0,2.0
Varakļāni,1029.0,18.7,3.0,25.4,6.5,0.0,38.4,15.3,0.0,20.8,0.0,1.1
Varakļāni,1028.9,18.1,3.0,35.4,6.4,0.0,40.5,14.8,0.0,11.8,0.0,0.5
Varakļāni,1029.1,15.9,2.4,50.0,5.8,0.0,47.0,13.0,0.0,11.7,0.0,0.2
Varakļāni,1029.8,14.0,2.5,50.0,5.7,0.0,49.5,10.9,0.0,4.3,0.0,0.0
Varakļāni,1030.0,11.4,1.9,40.0,4.6,0.0,54.9,8.4,0.0,3.0,0.0,0.0
Varakļāni,1030.3,9.5,2.1,40.0,3.4,0.0,61.0,8.5,0.0,0.0,0.0,0.0
Kolka,1029.8,7.5,2.6,310.7,4.0,0.0,72.3,5.8,0.0,0.6,0.0,0.0
Kolka,1030.1,7.1,2.4,323.7,4.0,0.0,72.8,5.5,0.0,1.8,0.0,0.0
Kolka,1030.4,6.6,2.3,348.9,3.7,0.0,73.7,5.0,0.0,1.8,0.0,0.0
Kolka,1030.7,6.3,1.9,351.8,3.4,0.0,75.3,4.9,0.0,1.8,0.0,0.0
Kolka,1031.0,5.9,1.9,356.8,3.0,0.0,77.4,4.5,0.0,1.3,3.1,0.0
Kolka,1031.2,6.0,1.8,20.8,2.9,0.0,78.0,4.7,0.0,4.0,6.2,0.0
Kolka,1031.5,6.7,2.0,44.9,3.1,0.0,77.3,5.3,0.0,3.8,9.3,0.1
Kolka,1031.9,8.2,1.7,86.9,3.2,0.0,73.9,7.2,0.0,0.0,8.5,0.4
Kolka,1031.9,9.4,1.7,98.5,3.3,0.0,69.7,8.6,0.0,0.0,7.7,0.9
Kolka,1032.1,10.1,1.8,91.7,3.7,0.0,64.6,7.5,0.0,0.0,7.0,1.7
Kolka,1032.3,10.8,1.7,72.3,4.0,0.0,62.3,8.3,0.0,0.0,6.0,2.7
Kolka,1032.6,11.4,1.8,72.3,4.1,0.0,61.1,8.8,0.0,0.0,5.1,3.8
Kolka,1032.9,11.7,1.8,73.0,4.2,0.0,61.0,9.2,0.0,0.0,4.1,4.6
Kolka,1033.1,12.1,2.0,53.3,4.5,0.0,59.9,9.4,0.0,3.6,3.6,5.1
Kolka,1032.8,12.3,1.8,86.5,4.5,0.0,57.6,9.8,0.0,1.9,3.0,5.0
Kolka,1032.6,12.5,1.6,61.2,4.2,0.0,57.6,10.1,0.0,0.1,2.4,4.4
Kolka,1032.6,12.6,1.7,39.6,4.1,0.0,57.2,10.2,0.0,0.0,1.9,3.4
Kolka,1032.4,12.7,1.8,354.7,4.0,0.0,56.3,10.1,0.0,0.0,1.4,2.3
Kolka,1032.3,12.5,2.1,331.4,4.2,0.0,55.8,9.7,0.0,0.0,0.9,1.4
Kolka,1032.0,12.0,2.4,313.7,4.4,0.0,57.6,9.0,0.0,0.0,1.0,0.7
Kolka,1031.6,11.6,2.3,323.7,4.2,0.0,63.3,8.8,0.0,0.0,1.1,0.3
Kolka,1031.6,11.1,2.0,301.4,3.8,0.0,69.5,8.7,0.0,0.0,1.1,0.1
Kolka,1031.9,10.3,1.8,274.8,3.1,0.0,78.1,8.6,0.0,0.0,0.7,0.0
Kolka,1032.1,9.7,2.5,348.3,3.4,0.0,82.3,7.6,0.0,0.0,0.4,0.0
Smiltene,1030.6,3.0,1.3,270.3,2.1,0.0,85.5,0.3,0.0,40.0,0.0,0.0
Smiltene,1030.9,3.3,1.3,263.6,2.1,0.0,85.4,0.6,0.0,40.0,0.0,0.2
Smiltene,1031.2,4.9,1.2,290.7,2.4,0.0,76.0,2.3,0.0,28.8,0.0,0.5
Smiltene,1031.4,6.9,1.3,326.9,3.2,0.0,68.1,4.9,0.0,4.3,0.0,1.0
Smiltene,1031.3,9.6,1.2,10.0,3.9,0.0,60.0,7.1,0.0,2.9,0.0,1.9
Smiltene,1031.2,12.5,1.4,17.3,4.7,0.0,53.7,10.1,0.0,7.1,0.0,3.0
Smiltene,1031.1,13.4,1.7,20.5,5.5,0.0,48.3,10.7,0.0,32.9,0.0,4.0
Smiltene,1031.1,14.9,1.8,20.5,5.8,0.0,44.1,12.0,0.0,36.4,0.0,4.8
Smiltene,1030.8,16.5,1.9,10.0,6.0,0.0,41.3,13.8,0.0,17.4,0.0,5.0
Smiltene,1030.5,17.5,2.1,360.0,6.4,0.0,38.5,14.6,0.0,1.1,0.0,4.8
Smiltene,1030.2,18.5,2.3,350.2,6.7,0.0,36.2,15.4,0.0,0.1,0.0,4.1
Smiltene,1030.0,18.8,2.6,360.0,6.9,0.0,35.4,15.5,0.0,0.0,0.0,3.1
Smiltene,1029.9,18.8,2.7,0.5,6.9,0.0,34.4,15.4,0.0,0.0,0.0,2.1
Smiltene,1029.8,18.6,2.8,10.0,6.8,0.0,33.5,15.1,0.0,0.0,0.0,1.1
Smiltene,1029.7,17.9,2.9,10.0,6.5,0.0,35.2,14.3,0.0,0.0,0.0,0.5
Smiltene,1029.7,15.9,2.6,10.0,6.0,0.0,39.8,12.4,0.0,0.0,0.0,0.2
Smiltene,1030.0,14.1,1.7,11.0,4.8,0.0,50.2,11.5,0.0,0.7,0.0,0.0
Smiltene,1030.5,11.5,1.3,104.5,3.0,0.0,59.5,9.2,0.0,0.7,0.0,0.0
Smiltene,1031.1,9.6,1.5,113.4,2.6,0.0,67.4,9.0,0.0,0.0,0.0,0.0
Mastarīga,1027.7,7.3,2.1,320.0,2.9,0.0,65.1,6.0,0.0,40.0,0.0,0.0
Mastarīga,1028.2,6.9,2.2,330.0,3.0,0.0,67.4,5.4,0.0,40.0,0.0,0.0
Mastarīga,1028.5,6.4,2.2,330.0,3.0,0.0,68.6,4.8,0.0,40.0,0.0,0.0
Mastarīga,1028.7,5.8,2.2,340.0,3.2,0.0,70.7,4.1,0.0,40.0,0.0,0.0
Mastarīga,1029.1,5.3,2.1,349.5,3.2,0.0,74.1,3.6,0.0,40.0,0.0,0.0
Mastarīga,1029.5,4.7,2.0,350.3,3.0,0.0,78.6,3.0,0.0,40.0,0.0,0.0
Mastarīga,1029.9,4.5,1.9,350.3,2.9,0.0,80.5,2.9,0.0,20.3,0.0,0.2
Mastarīga,1030.3,6.4,2.0,5.6,3.3,0.0,74.1,5.1,0.0,6.4,0.1,0.5
Mastarīga,1030.5,8.6,2.1,10.0,3.8,0.0,66.6,7.4,0.0,6.4,0.2,1.1
Mastarīga,1030.6,11.3,2.2,46.0,4.5,0.0,58.9,8.3,0.0,9.9,0.3,2.0
Mastarīga,1030.5,13.5,2.0,46.0,4.9,0.0,54.8,10.9,0.0,18.2,0.2,3.1
Mastarīga,1030.4,14.9,2.1,26.3,5.1,0.0,49.5,12.1,0.0,13.6,0.1,4.1
Mastarīga,1030.3,16.1,2.4,20.0,5.5,0.0,46.0,13.2,0.0,9.6,0.0,4.8
Mastarīga,1030.1,17.2,2.6,14.0,5.8,0.0,44.3,14.3,0.0,16.0,0.0,5.0
Mastarīga,1029.8,18.0,2.7,14.0,6.1,0.0,41.9,14.9,0.0,15.7,0.0,4.7
Mastarīga,1029.6,18.7,2.9,14.0,6.5,0.0,39.4,15.5,0.0,3.0,0.0,4.0
Mastarīga,1029.5,19.0,2.9,20.0,6.4,0.0,38.3,15.8,0.0,0.4,0.0,2.9
Mastarīga,1029.3,19.1,3.0,30.0,6.3,0.0,37.7,15.7,0.0,0.1,0.0,1.9
Mastarīga,1029.2,18.8,3.2,30.0,6.2,0.0,37.9,15.2,0.0,1.3,0.0,1.1
Mastarīga,1029.3,17.8,3.8,34.0,6.7,0.0,38.8,13.7,0.0,0.1,0.0,0.5
Mastarīga,1029.7,15.3,3.3,34.0,6.3,0.0,42.0,11.4,0.0,0.0,0.0,0.2
Mastarīga,1030.0,13.2,2.2,30.0,5.3,0.0,49.6,10.1,0.0,0.0,0.0,0.0
Mastarīga,1030.2,10.5,2.0,20.0,3.8,0.0,56.3,7.5,0.0,0.0,0.0,0.0
Mastarīga,1030.5,8.8,2.0,16.0,3.7,0.0,64.0,7.8,0.0,0.0,0.0,0.0
